Uuid,Void/Retire,Name,Concept Drug,Concept Dosage Form,Strength,_version:1
,,Isoflurane,Isoflurane,Inhalation,,
,,Ketamine 10 mg/ml,Ketamine,Injection,10 mg/ml,
,,Ketamine 50 mg/ml,Ketamine,Injection,50 mg/ml,
,,Nitrous oxide,Nitrous oxide,Gas,,
,,Oxygen,Oxygen,Gas,,
,,Propofol 10 mg/ml,Propofol,Injection,10 mg/ml,
,,Sevoflurane,Sevoflurane,Inhalation,,
,,Thiopental 0.5 g,Thiopental,Powder for injection,0.5 g,
,,Thiopental 1 g,Thiopental,Powder for injection,1 g,
,,Bupivacaine 0.50%,Bupivacaine,Injection,0.50%,
,,Bupivacaine 0.5% with 7.5% glucose,Bupivacaine,Injection,0.5% with 7.5% glucose,
,,Lidocaine 2-5%,Lidocaine,Gel,2-5%,
,,Lidocaine 1%,Lidocaine,Injection,1%,
,,Lidocaine 2%,Lidocaine,Injection,2%,
,,Lidocaine 5% with 7.5% Glucose,Lidocaine,Injection,5% with 7.5% Glucose,
,,Lignocaine 1% +Adrenaline 1:200000 (5mcg/ml),Epinephrine / lidocaine,Injection,,
,,Lignocaine 2% +Adrenaline 1:200000 (5mcg/ml),Epinephrine / lidocaine,Injection,,
,,Lidocaine / prilocaine,Lidocaine / prilocaine,Cream,,
,,Atropine 0.6 mg/ml,Atropine,Injection,0.6 mg/ml,
,,Glycopyrrolate 0.2 mg/ml,Glycopyrrolate,Injection,0.2 mg/ml,
,,Midazolam 7.5 mg,Midazolam,Tablet,7.5 mg,
,,Midazolam 15 mg,Midazolam,Tablet,15 mg,
,,Midazolam 2 mg/ml,Midazolam,Oral solution,2 mg/ml,
,,Midazolam 1 mg/ml,Midazolam,Injection,1 mg/ml,
,,Midazolam 5 mg/ml,Midazolam,Injection,5 mg/ml,
,,Morphine 10 mg/ml,Morphine,Injection,10 mg/ml,
,,Morphine 15 mg/ml,Morphine,Injection,15 mg/ml,
,,Acetylsalicylic Acid 300 mg tablet,Acetylsalicylate sodium,Tablet,300 mg,
,,Acetylsalicylic Acid 500 mg tablet,Acetylsalicylate sodium,Tablet,500 mg,
,,Acetylsalicylic Acid,Acetylsalicylate sodium,Tablet,,
,,Acetylsalicylic Acid 300 mg enteric-coated tablet,Acetylsalicylate sodium,Enteric-coated tablet,300 mg,
,,Acetylsalicylic Acid 500 mg enteric-coated tablet,Acetylsalicylate sodium,Enteric-coated tablet,500 mg,
,,Diclofenac 50 mg,Diclofenac,Tablet,50 mg,
,,Diclofenac 25 mg/ml,Diclofenac,Injection,25 mg/ml,
,,Ibuprofen 200 mg,Ibuprofen,Tablet,200 mg,
,,Ibuprofen 400 mg,Ibuprofen,Tablet,400 mg,
,,Ibuprofen 100 mg/5 ml,Ibuprofen,Oral solution,100 mg/5 ml,
,,Mefenamic acid 250 mg,Mefenamic acid,Oral capsule,250 mg,
,,Mefenamic acid 500 mg,Mefenamic acid,Oral capsule,500 mg,
,,Paracetamol 500 mg,Acetaminophen,Tablet,500 mg,
,,Paracetamol 650 mg,Acetaminophen,Tablet,650 mg,
,,Paracetamol 150 mg/ml,Acetaminophen,Injection,150 mg/ml,
,,Paracetamol 80 mg,Acetaminophen,Suppository,80 mg,
,,Paracetamol 170 mg,Acetaminophen,Suppository,170 mg,
,,Fentanyl 50 mcg/ml,Fentanyl,Injection,50 mcg/ml,
,,Morphine 10 mg,Morphine,Tablet,10 mg,
,,Tramadol 50 mg,Tramadol,Oral capsule,50 mg,
,,Tramadol 100 mg,Tramadol,Oral capsule,100 mg,
,,Tramadol 50 mg/ml,Tramadol,Injection,50 mg/ml,
,,Allopurinol 100 mg,Allopurinol,Tablet,100 mg,
,,Allopurinol 300 mg,Allopurinol,Tablet,300 mg,
,,Colchicine 0.5 mg,Colchicine,Tablet,0.5 mg,
,,Azathioprine 50 mg,Azathioprine,Tablet,50 mg,
,,Hydroxychloroquine 200 mg,Hydroxychloroquine,Tablet,200 mg,
,,Hydroxychloroquine 400 mg,Hydroxychloroquine,Tablet,400 mg,
,,Leflunomide 10 mg,Leflunomide,Tablet,10 mg,
,,Leflunomide 20 mg,Leflunomide,Tablet,20 mg,
,,Methotrexate 5 mg,Methotrexate,Tablet,5 mg,
,,Methotrexate 7.5 mg,Methotrexate,Tablet,7.5 mg,
,,Methotrexate 10 mg,Methotrexate,Tablet,10 mg,
,,Methotrexate 25 mg/ ml,Methotrexate,Injection,25 mg/ ml,
,,Sulfasalazine 500 mg,Sulfasalazine,Tablet,500 mg,
,,Epinephrine 1 mg/ml,Epinephrine,Injection,1 mg/ml,
,,Cetirizine 10 mg,Cetirizine,Tablet,10 mg,
,,Cetirizine 5 mg/5 ml,Cetirizine,Oral solution,5 mg/5 ml,
,,Chlorpheniramine maleate 4 mg,Chlorpheniramine maleate,Tablet,4 mg,
,,Chlorpheniramine maleate 2 mg/5 ml,Chlorpheniramine maleate,Oral solution,2 mg/5 ml,
,,Dexamethasone 0.5 mg,Dexamethasone,Tablet,0.5 mg,
,,Dexamethasone 4 mg/ml,Dexamethasone,Injection,4 mg/ml,
,,Hydrocortisone 100 mg powder for injection,Hydrocortisone,Powder for injection,100 mg,
,,Pheniramine 22.75 mg/ml,Pheniramine,Injection,22.75 mg/ml,
,,Prednisolone 5 mg,Prednisolone,Tablet,5 mg,
,,Prednisolone 10 mg,Prednisolone,Tablet,10 mg,
,,Prednisolone 5 mg/5 ml,Prednisolone,Oral solution,5 mg/5 ml,
,,Prednisolone 15 mg/5 ml,Prednisolone,Oral solution,15 mg/5 ml,
,,Activated charcoal,Activated charcoal,Powder,,
,,Atropine 1 mg/ml,Atropine,Injection,1 mg/ml,
,,Calcium gluconate 100 mg/ml,Calcium gluconate,Injection,100 mg/ml,
,,Deferoxamine 500 mg,Deferoxamine,Powder for injection,500 mg,
,,Methylene blue 10 mg/ml,Methylene blue,Injection,10 mg/ml,
,,Naloxone 0.4 mg/ml,Naloxone,Injection,0.4 mg/ml,
,,Neostigmine 0.5 mg/ml,Neostigmine,Injection,0.5 mg/ml,
,,"Snake antivenom, polyvalent injection","Snake antivenom, polyvalent",Injection,,
,,"Snake antivenom, polyvalent powder for injection","Snake antivenom, polyvalent",Powder for injection,,
,,Pralidoxime chloride 25 mg/ml,Pralidoxime chloride,Injection,25 mg/ml,
,,Sodium nitrite 30 mg/ml,Sodium nitrite,Injection,30 mg/ml,
,,Sodium thiosulfate 100 mg/ml,Sodium thiosulfate,Injection,100 mg/ml,
,,Carbamazepine 100 mg,Carbamazepine,Tablet,100 mg,
,,Carbamazepine 200 mg,Carbamazepine,Tablet,200 mg,
,,Carbamazepine 400 mg,Carbamazepine,Tablet,400 mg,
,,Carbamazepine 100 mg/5 ml,Carbamazepine,Oral solution,100 mg/5 ml,
,,Carbamazepine 200 mg/5 ml,Carbamazepine,Oral solution,200 mg/5 ml,
,,Diazepam 2 mg/5 ml,Diazepam,Oral solution,2 mg/5 ml,
,,Diazepam 5 mg/ml,Diazepam,Injection,5 mg/ml,
,,Diazepam 5 mg,Diazepam,Suppository,5 mg,
,,Lorazepam 1 mg,Lorazepam,Tablet,1 mg,
,,Lorazepam 2 mg,Lorazepam,Tablet,2 mg,
,,Lorazepam 2 mg/ml,Lorazepam,Injection,2 mg/ml,
,,Magnesium sulfate 500 mg/ml,Magnesium sulfate,Injection,500 mg/ml,
,,Phenobarbital 30 mg,Phenobarbital,Tablet,30 mg,
,,Phenobarbital 60 mg,Phenobarbital,Tablet,60 mg,
,,Phenobarbital 20 mg/5 ml,Phenobarbital,Oral Solution,20 mg/5 ml,
,,Phenobarbital 200 mg/ml,Phenobarbital,Injection,200 mg/ml,
,,Phenytoin 50 mg,Phenytoin,Tablet,50 mg,
,,Phenytoin 100 mg,Phenytoin,Tablet,100 mg,
,,Phenytoin 300 mg tablet,Phenytoin,Tablet,300 mg,
,,Phenytoin 300 mg enteric-coated tablet,Phenytoin,Enteric-coated tablet,300 mg,
,,Phenytoin 30 mg/5 ml,Phenytoin,Oral solution,30 mg/5 ml,
,,Phenytoin 125 mg/5 ml,Phenytoin,Oral solution,125 mg/5 ml,
,,Phenytoin 25 mg/ml,Phenytoin,Injection,25 mg/ml,
,,Phenytoin 50 mg/ml,Phenytoin,Injection,50 mg/ml,
,,Sodium valproate 200 mg,Sodium valproate,Tablet,200 mg,
,,Sodium valproate 300 mg,Sodium valproate,Tablet,300 mg,
,,Sodium valproate 200 mg/5ml,Sodium valproate,Oral solution,200 mg/5ml,
,,Sodium valproate 100 mg/ml,Sodium valproate,Injection,100 mg/ml,
,,Albendazole 400 mg,Albendazole,Tablet,400 mg,
,,Albendazole 200 mg/5 ml,Albendazole,Oral solution,200 mg/5 ml,
,,Mebendazole 100 mg,Mebendazole,Tablet,100 mg,
,,Mebendazole 100 mg/5 ml,Mebendazole,Oral solution,100 mg/5 ml,
,,Diethylcarbamazine 50 mg,Diethylcarbamazine,Tablet,50 mg,
,,Diethylcarbamazine 100 mg,Diethylcarbamazine,Tablet,100 mg,
,,Diethylcarbamazine 120 mg/5 ml,Diethylcarbamazine,Oral solution,120 mg/5 ml,
,,Praziquantel 600 mg,Praziquantel,Tablet,600 mg,
,,Amoxicillin 250 mg,Amoxicillin,Oral capsule,250 mg,
,,Amoxicillin 500 mg,Amoxicillin,Oral capsule,500 mg,
,,Amoxicillin 250 mg/5 ml,Amoxicillin,Oral solution,250 mg/5 ml,
,,Amoxicillin 500 mg + Clavulanic acid 125 mg,Amoxicillin and clavulanic acid,Tablet,,
,,Amoxicillin 200 mg + Clavulanic acid 28.5 mg /5 ml,Amoxicillin and clavulanic acid,Oral solution,,
,,Amoxicillin 125 mg + Clavulanic acid 31.25mg /5 ml,Amoxicillin and clavulanic acid,Powder suspension,,
,,Amoxicillin 1g + Clavulanic acid 200 mg,Amoxicillin and clavulanic acid,Powder for injection,,
,,Amoxicillin 500mg + Clavulanic acid 100mg,Amoxicillin and clavulanic acid,Powder for injection,,
,,Ampicillin 500 mg,Ampicillin,Powder for injection,500 mg,
,,"Penicillin G, benzathine 1 g","Penicillin G, benzathine",Powder for injection,1 g,
,,"Penicillin G, benzathine 6 lac units","Penicillin G, benzathine",Powder for injection,6 lac units,
,,"Penicillin G, benzathine 12 lac units","Penicillin G, benzathine",Powder for injection,12 lac units,
,,Penicillin G 10 lac units,Penicillin G,Powder for injection,10 lac units,
,,Cefadroxil 500 mg,Cefadroxil,Tablet,500 mg,
,,Cefadroxil 1 g,Cefadroxil,Tablet,1 g,
,,Cefadroxil 125 mg/5 ml,Cefadroxil,Oral solution,125 mg/5 ml,
,,Cefazolin 500 mg,Cefazolin,Powder for injection,500 mg,
,,Cefazolin 1 g,Cefazolin,Powder for injection,1 g,
,,Cefixime 200 mg,Cefixime,Tablet,200 mg,
,,Cefixime 400 mg,Cefixime,Tablet,400 mg,
,,Cefixime 50 mg/5 ml,Cefixime,Oral solution,50 mg/5 ml,
,,Cefixime 100 mg/5 ml,Cefixime,Oral solution,100 mg/5 ml,
,,Cefotaxime 250 mg,Cefotaxime,Powder for injection,250 mg,
,,Cefotaxime 500 mg,Cefotaxime,Powder for injection,500 mg,
,,Cefotaxime 1 g,Cefotaxime,Powder for injection,1 g,
,,Ceftazidime 250 mg,Ceftazidime,Powder for injection,250 mg,
,,Ceftazidime 1 g,Ceftazidime,Powder for injection,1 g,
,,Ceftriaxone 250 mg,Ceftriaxone,Powder for injection,250 mg,
,,Ceftriaxone 500 mg,Ceftriaxone,Powder for injection,500 mg,
,,Ceftriaxone 1 g,Ceftriaxone,Powder for injection,1 g,
,,Cloxacillin 250 mg oral capsule,Cloxacillin,Oral capsule,250 mg,
,,Cloxacillin 500 mg,Cloxacillin,Oral capsule,500 mg,
,,Cloxacillin 125 mg/5 ml,Cloxacillin,Oral solution,125 mg/5 ml,
,,Cloxacillin 250 mg powder for injection,Cloxacillin,Powder for injection,250 mg,
,,Azithromycin 250 mg,Azithromycin,Tablet,250 mg,
,,Azithromycin 500 mg tablet,Azithromycin,Tablet,500 mg,
,,Azithromycin 200 mg/5ml,Azithromycin,Oral solution,200 mg/5ml,
,,Azithromycin 500 mg powder for injection,Azithromycin,Powder for injection,500 mg,
,,Ciprofloxacin 250 mg,Ciprofloxacin,Tablet,250 mg,
,,Ciprofloxacin 500 mg,Ciprofloxacin,Tablet,500 mg,
,,Ciprofloxacin 250 mg/5ml,Ciprofloxacin,Oral solution,250 mg/5ml,
,,Ciprofloxacin 200 mg/100 ml,Ciprofloxacin,Injection,200 mg/100 ml,
,,Co-trimoxazole [Sulphamethoxazole 400 mg + Trimethoprim 80 mg],Sulfamethoxazole / trimethoprim,Tablet,,
,,Co-trimoxazole [Sulphamethoxazole 800 mg + Trimethoprim 160 mg],Sulfamethoxazole / trimethoprim,Tablet,,
,,Co-trimoxazole [Sulphamethoxazole 200 mg + Trimethoprim 40 mg /5 ml],Sulfamethoxazole / trimethoprim,Oral solution,,
,,Doxycycline 100 mg,Doxycycline,Oral capsule,100 mg,
,,Gentamicin 10 mg/ml,Gentamicin,Injection,10 mg/ml,
,,Gentamicin 40 mg/ml,Gentamicin,Injection,40 mg/ml,
,,Metronidazole 200 mg,Metronidazole,Tablet,200 mg,
,,Metronidazole 200 mg/5 ml,Metronidazole,Oral solution,200 mg/5 ml,
,,Metronidazole 500 mg/100 ml,Metronidazole,Injection,500 mg/100 ml,
,,Nitrofurantoin 100 mg,Nitrofurantoin,Tablet,100 mg,
,,Nitrofurantoin 25 mg/5 ml,Nitrofurantoin,Oral solution,25 mg/5 ml,
,,Clofazimine 50 mg,Clofazimine,Oral capsule,50 mg,
,,Clofazimine 100 mg,Clofazimine,Oral capsule,100 mg,
,,Dapsone 25 mg,Dapsone,Tablet,25 mg,
,,Dapsone 50 mg,Dapsone,Tablet,50 mg,
,,Dapsone 100 mg,Dapsone,Tablet,100 mg,
,,Rifampicin 150 mg,Rifampicin,Oral capsule,150 mg,
,,Rifampicin 300 mg,Rifampicin,Oral capsule,300 mg,
,,Capreomycin 1 g,Capreomycin,Powder for injection,1 g,
,,Clotrimazole 100 mg,Clotrimazole,Pessary,100 mg,
,,Fluconazole 100 mg,Fluconazole,Tablet,100 mg,
,,Fluconazole 50 mg,Fluconazole,Tablet,50 mg,
,,Fluconazole 150 mg,Fluconazole,Tablet,150 mg,
,,Fluconazole 200 mg,Fluconazole,Tablet,200 mg,
,,Fluconazole 400 mg,Fluconazole,Tablet,400 mg,
,,Fluconazole 50 mg/5 ml,Fluconazole,Oral solution,50 mg/5 ml,
,,Fluconazole 200 mg /100 ml,Fluconazole,Injection,200 mg /100 ml,
,,Griseofulvin 125 mg,Griseofulvin,Tablet,125 mg,
,,Griseofulvin 250 mg,Griseofulvin,Tablet,250 mg,
,,Griseofulvin 375 mg,Griseofulvin,Tablet,375 mg,
,,Acyclovir 200 mg,Acyclovir,Tablet,200 mg,
,,Acyclovir 400 mg,Acyclovir,Tablet,400 mg,
,,Acyclovir 250 mg,Acyclovir,Powder for injection,250 mg,
,,Acyclovir 500 mg,Acyclovir,Powder for injection,500 mg,
,,Acyclovir 400 mg/5 ml,Acyclovir,Oral solution,400 mg/5 ml,
,,Entecavir 0.5 mg,Entecavir,Tablet,0.5 mg,
,,Entecavir 1 mg,Entecavir,Tablet,1 mg,
,,Peginterferon alfa-2a 180 mcg,Peginterferon alfa-2a,Injection,180 mcg,
,,Peginterferon alfa-2a 80 mcg,Peginterferon alfa-2a,Injection,80 mcg,
,,Peginterferon alfa-2a 100 mcg,Peginterferon alfa-2a,Injection,100 mcg,
,,Peginterferon alfa-2a 120 mcg,Peginterferon alfa-2a,Injection,120 mcg,
,,Ribavirin 200 mg,Ribavirin,Oral capsule,200 mg,
,,Sofosbuvir 400 mg,Sofosbuvir,Tablet,400 mg,
,,Tenofovir 300 mg,Tenofovir disoproxil,Tablet,300 mg,
,,Metronidazole 400 mg,Metronidazole,Tablet,400 mg,
,,Amphotericin B 50 mg,Amphotericin B,Powder for injection,50 mg,
,,"Amphotericin B, liposomal 50 mg","Amphotericin B, liposomal",Powder for injection,50 mg,
,,Amphotericin B lipid complex 50 mg,Amphotericin B lipid complex,Powder for injection,50 mg,
,,Artemether 40 mg + Lumefantrine 240 mg,Artemether-lumefantrine,Tablet,,
,,Artemether 80 mg + Lumefantrine 480 mg,Artemether-lumefantrine,Tablet,,
,,Artemether 20 mg + Lumefantrine 120 mg,Artemether-lumefantrine,Tablet,,
,,Artemether 80 mg + Lumefantrine 480 mg /5 ml,Artemether-lumefantrine,Oral solution,,
,,Artesunate 60 mg,Artesunate,Powder for injection,60 mg,
,,Artesunate 120 mg,Artesunate,Powder for injection,120 mg,
,,Artesunate 25 mg,Artesunate,Tablet,,
,,Artesunate 50 mg,Artesunate,Tablet,,
,,Artesunate 100 mg,Artesunate,Tablet,,
,,Artesunate 150 mg,Artesunate,Tablet,,
,,Artesunate 200 mg,Artesunate,Tablet,,
,,Sulphadoxine - Pyrimethamine (250 mg + 12.5 mg),Sulfadoxine and pyrimethamine,Tablet,,
,,Sulphadoxine - Pyrimethamine (500 mg + 25 mg),Sulfadoxine and pyrimethamine,Tablet,,
,,Sulphadoxine - Pyrimethamine (750 mg + 37.5 mg),Sulfadoxine and pyrimethamine,Tablet,,
,,Chloroquine 150 mg,Chloroquine,Tablet,150 mg,
,,Chloroquine 50 mg/5 ml,Chloroquine,Oral solution,50 mg/5 ml,
,,Primaquine 2.5 mg,Primaquine,Tablet,2.5 mg,
,,Primaquine 7.5 mg,Primaquine,Tablet,7.5 mg,
,,Primaquine 15 mg,Primaquine,Tablet,15 mg,
,,Quinine 300 mg,Quinine,Tablet,300 mg,
,,Quinine 300 mg/ml,Quinine,Injection,300 mg/ml,
,,Flunarizine 5 mg,Flunarizine,Tablet,5 mg,
,,Flunarizine 10 mg,Flunarizine,Tablet,10 mg,
,,Propranolol 40 mg,Propranolol,Tablet,40 mg,
,,Propranolol 10 mg,Propranolol,Tablet,10 mg,
,,Propranolol 80 mg,Propranolol,Tablet,80 mg,
,,Epoetin alfa 2000 IU/ml,Epoetin alfa,Injection,2000 IU/ml,
,,Epoetin alfa 10000 IU/ml,Epoetin alfa,Injection,10000 IU/ml,
,,"Ferrous sulfate,dried equivalent to 60 mg of elemental iron","Ferrous sulfate,dried",Tablet,equivalent to 60 mg of elemental iron,
,,"Ferrous sulfate,dried equivalent to 25 mg of elemental iron/ml","Ferrous sulfate,dried",Oral solution,equivalent to 25 mg of elemental iron/ml,
,,Ferrous salt 45mg elemental iron + Folic acid 400 mcg,Ferrous sulfate and folic acid,Tablet,,
,,Ferrous salt 100 mg elemental iron + Folic acid 500 mcg,Ferrous sulfate and folic acid,Tablet,,
,,Ferrous salt 20 mg elemental iron + Folic acid 100 mcg /ml,Ferrous sulfate and folic acid,Oral solution,,
,,Folic acid 5 mg,Folic acid,Tablet,5 mg,
,,Hydroxocobalamin 1 mg/ml,Hydroxocobalamin,Injection,1 mg/ml,
,,Hydroxyurea 500 mg,Hydroxyurea,Oral capsule,500 mg,
,,Iron 20 mg/ml,Iron,Injection,20 mg/ml,
,,Enoxaparin 40 mg/0.4 ml,Enoxaparin,Injection,40 mg/0.4 ml,
,,Enoxaparin 60 mg/0.6 ml,Enoxaparin,Injection,60 mg/0.6 ml,
,,Heparin 5000 IU/ml,Heparin,Injection,5000 IU/ml,
,,Vitamin K 1 Tablet 10mg,Vitamin K 1,Tablet,Tablet 10mg,
,,Vitamin K 1 10 mg/ml,Vitamin K 1,Injection,10 mg/ml,
,,Protamines 10 mg/ml,Protamines,Injection,10 mg/ml,
,,Tranexamic acid 500 mg,Tranexamic acid,Tablet,500 mg,
,,Tranexamic acid 100 mg/ml,Tranexamic acid,Injection,100 mg/ml,
,,Warfarin 1mg,Warfarin,Tablet,1mg,
,,Warfarin 2 mg,Warfarin,Tablet,2 mg,
,,Warfarin 3 mg,Warfarin,Tablet,3 mg,
,,Warfarin 5 mg,Warfarin,Tablet,5 mg,
,,Clopidogrel 75 mg,Clopidogrel,Tablet,75 mg,
,,Diltiazem 30 mg,Diltiazem,Tablet,30 mg,
,,Diltiazem 60 mg,Diltiazem,Tablet,60 mg,
,,Diltiazem 90 mg,Diltiazem,Sustained-release tablet,90 mg,
,,Diltiazem 5 mg/ml,Diltiazem,Injection,5 mg/ml,
,,Nitroglycerin 0.5 mg,Nitroglycerin,Sublingual tablet,0.5 mg,
,,Nitroglycerin 5 mg/ml,Nitroglycerin,Injection,5 mg/ml,
,,Isosorbide mononitrate 10 mg,Isosorbide mononitrate,Tablet,10 mg,
,,Isosorbide mononitrate 20 mg,Isosorbide mononitrate,Tablet,20 mg,
,,Isosorbide mononitrate 30 mg,Isosorbide mononitrate,Sustained-release tablet,30 mg,
,,Isosorbide mononitrate 60 mg,Isosorbide mononitrate,Sustained-release tablet,60 mg,
,,Isosorbide dinitrate 5 mg,Isosorbide dinitrate,Tablet,5 mg,
,,Isosorbide dinitrate 10 mg,Isosorbide dinitrate,Tablet,10 mg,
,,Metoprolol 25 mg tablet,Metoprolol,Tablet,25 mg,
,,Metoprolol 50 mg tablet,Metoprolol,Tablet,50 mg,
,,Metoprolol 25 mg sustained-release tablet,Metoprolol,Sustained-release tablet,25 mg,
,,Metoprolol 50 mg sustained-release tablet,Metoprolol,Sustained-release tablet,50 mg,
,,Adenosine 3 mg/ml,Adenosine,Injection,3 mg/ml,
,,Amiodarone 100 mg,Amiodarone,Tablet,100 mg,
,,Amiodarone 200 mg,Amiodarone,Tablet,200 mg,
,,Amiodarone 50 mg/ml,Amiodarone,Injection,50 mg/ml,
,,Verapamil 40 mg,Verapamil,Tablet,40 mg,
,,Verapamil 80 mg,Verapamil,Tablet,80 mg,
,,Verapamil 2.5 mg/ml,Verapamil,Injection,2.5 mg/ml,
,,Dobutamine 50 mg/ml,Dobutamine,Injection,50 mg/ml,
,,Dopamine 40 mg/ml,Dopamine,Injection,40 mg/ml,
,,Amlodipine 2.5 mg,Amlodipine,Tablet,2.5 mg,
,,Amlodipine 5 mg,Amlodipine,Tablet,5 mg,
,,Amlodipine 10 mg,Amlodipine,Tablet,10 mg,
,,Amlodipine 12.5 mg,Amlodipine,Tablet,12.5 mg,
,,Amlodipine 25 mg,Amlodipine,Tablet,25 mg,
,,Amlodipine 1 mg/ml,Amlodipine,Suspension,1 mg/ml,
,,Amlodipine 40 mg,Amlodipine,Tablet,40 mg,
,,Amlodipine 80 mg,Amlodipine,Tablet,80 mg,
,,Atenolol 50 mg,Atenolol,Tablet,50 mg,
,,Atenolol 100 mg,Atenolol,Tablet,100 mg,
,,Enalapril 2.5 mg,Enalapril,Tablet,2.5 mg,
,,Enalapril 5 mg,Enalapril,Tablet,5 mg,
,,Enalapril 10 mg,Enalapril,Tablet,10 mg,
,,Enalapril 1 mg/ml,Enalapril,Suspension,1 mg/ml,
,,Hydrochlorothiazide 12.5 mg,Hydrochlorothiazide,Tablet,12.5 mg,
,,Hydrochlorothiazide 25 mg,Hydrochlorothiazide,Tablet,25 mg,
,,Hydrochlorothiazide 50 mg,Hydrochlorothiazide,Tablet,50 mg,
,,Hydrochlorothiazide 5 mg,Hydrochlorothiazide,Tablet,5 mg,
,,Hydrochlorothiazide 10 mg,Hydrochlorothiazide,Tablet,10 mg,
,,Hydrochlorothiazide 5 mg/ml,Hydrochlorothiazide,Suspension,5 mg/ml,
,,Labetalol 5 mg/ml,Labetalol,Injection,5 mg/ml,
,,Methyldopa 250 mg,Methyldopa,Tablet,250 mg,
,,Methyldopa 500 mg,Methyldopa,Tablet,500 mg,
,,Ramipril 2.5 mg,Ramipril,Tablet,2.5 mg,
,,Ramipril 5 mg,Ramipril,Tablet,5 mg,
,,Telmisartan 20 mg,Telmisartan,Tablet,20 mg,
,,Telmisartan 40 mg,Telmisartan,Tablet,40 mg,
,,Telmisartan 80 mg,Telmisartan,Tablet,80 mg,
,,Telmisartan 5 mg,Telmisartan,Tablet,80 mg,
,,Telmisartan 10 mg,Telmisartan,Tablet,10 mg,
,,Digoxin 0.25 mg,Digoxin,Tablet,0.25 mg,
,,Digoxin 0.05 mg/ml,Digoxin,Oral solution,0.05 mg/ml,
,,Digoxin 0.25 mg/ml,Digoxin,Injection,0.25 mg/ml,
,,Noradrenaline 2 mg/ml,Norepinephrine,Injection,2 mg/ml,
,,Acetylsalicylic acid 75 mg,Acetylsalicylate sodium,Tablet,75 mg,
,,Acetylsalicylic acid 100 mg,Acetylsalicylate sodium,Tablet,100 mg,
,,Acetylsalicylic acid 150 mg,Acetylsalicylate sodium,Tablet,150 mg,
,,Heparin 1000 IU/ml,Heparin,Injection,1000 IU/ml,
,,"Streptokinase 750,000 IU",Streptokinase,Injection,"750,000 IU",
,,"Streptokinase 15,00,000 IU",Streptokinase,Injection,"15,00,000 IU",
,,Atorvastatin 10 mg,Atorvastatin,Tablet,10 mg,
,,Atorvastatin 20 mg,Atorvastatin,Tablet,20 mg,
,,Atorvastatin 40 mg,Atorvastatin,Tablet,40 mg,
,,Clotrimazole 1% cream,Clotrimazole,Cream,1%,
,,Gentian violet 0.25%,Gentian violet,Solution,0.25%,
,,Gentian violet 2%,Gentian violet,Solution,2%,
,,Povidone-iodine 4%,Povidone-iodine,Solution,4%,
,,Povidone-iodine 10%,Povidone-iodine,Solution,10%,
,,Silver sulfadiazine 1%,Silver sulfadiazine,Cream,1%,
,,Betamethasone 0.05%,Betamethasone,Cream,0.05%,
,,Betamethasone 0.10%,Betamethasone,Cream,0.10%,
,,Calamine,Calamine,Lotion,,
,,Benzoyl peroxide 2.50%,Benzoyl peroxide,Gel,2.50%,
,,Coal tar 5%,Coal tar,Solution,5%,
,,Salicylic acid 6%,Salicylic acid,Ointment,6%,
,,Glycerol,Glycerol,Oral solution,,
,,"Petrolatum, white","Petrolatum, white",Jelly,,
,,Permethrin 1%,Permethrin,Lotion,1%,
,,Permethrin 5%,Permethrin,Cream,5%,
,,Fluorescein 1%,Fluorescein,Drops,1%,
,,Lidocaine 4%,Lidocaine,Drops,4%,
,,Tropicamide 1% eye drop,Tropicamide,Drops,1%,
,,Barium sulfate 100% w/v,Barium sulfate,Oral solution,100% w/v,
,,Barium sulfate 250% w/v,Barium sulfate,Oral solution,250% w/v,
,,Iohexol 140 mg iodine/ml,Iohexol,Injection,140 mg iodine/ml,
,,Iohexol 350 mg iodine/ml,Iohexol,Injection,350 mg iodine/ml,
,,Cetrimide 20%,Cetrimide,Solution,20%,
,,Chlorhexidine 5%,Chlorhexidine,Solution,5%,
,,Denatured ethanol 70%,Denatured ethanol,Solution,70%,
,,Glutaral 2%,Glutaral,Solution,2%,
,,Potassium permanganate,Potassium permanganate,Crystals,,
,,Furosemide 40 mg,Furosemide,Tablet,40 mg,
,,Furosemide 10 mg/ml,Furosemide,Oral solution,10 mg/ml,
,,Furosemide 10 mg/ ml,Furosemide,Injection,10 mg/ ml,
,,Mannitol 10%,Mannitol,Injection,10%,
,,Mannitol 20%,Mannitol,Injection,20%,
,,Spironolactone 25 mg,Spironolactone,Tablet,25 mg,
,,Spironolactone 50 mg,Spironolactone,Tablet,50 mg,
,,Clotrimazole 1% drops,Clotrimazole,Drops,1%,
,,Xylometazoline 0.05%,Xylometazoline,Nasal solution,0.05%,
,,Xylometazoline 0.10%,Xylometazoline,Nasal solution,0.10%,
,,Omeprazole 10 mg,Omeprazole,Oral capsule,10 mg,
,,Omeprazole 20 mg,Omeprazole,Oral capsule,20 mg,
,,Pantoprazole 40 mg,Pantoprazole,Injection,40 mg,
,,Ranitidine 150 mg,Ranitidine,Tablet,150 mg,
,,Ranitidine 75 mg/5 ml,Ranitidine,Oral solution,75 mg/5 ml,
,,Ranitidine 25 mg/ml,Ranitidine,Injection,25 mg/ml,
,,Domperidone 10 mg,Domperidone,Tablet,10 mg,
,,Domperidone 1 mg/ml,Domperidone,Oral solution,1 mg/ml,
,,Ondansetron 4 mg,Ondansetron,Tablet,4 mg,
,,Ondansetron 2 mg/5 ml,Ondansetron,Oral solution,2 mg/5 ml,
,,Ondansetron 2 mg/ml,Ondansetron,Injection,2 mg/ml,
,,Dicyclomine 10 mg,Dicyclomine,Tablet,10 mg,
,,Dicyclomine 10mg/5ml,Dicyclomine,Oral solution,10mg/5ml,
,,Dicyclomine 10 mg/ml,Dicyclomine,Injection,10 mg/ml,
,,Hyoscine butylbromide 10 mg,Hyoscine butylbromide,Tablet,10 mg,
,,Hyoscine butylbromide 20 mg/ml,Hyoscine butylbromide,Injection,20 mg/ml,
,,Bisacodyl 5 mg tablet,Bisacodyl,Tablet,5 mg,
,,Bisacodyl 5 mg suppository,Bisacodyl,Suppository,5 mg,
,,Lactulose 10 g/15 ml,Lactulose,Oral solution,10 g/15 ml,
,,Oral rehydration salts,Oral rehydration salts,Powder,,
,,Zinc sulphate 20 mg,Zinc sulfate,Disintegrating tablet,20 mg,
,,Hydrocortisone 5 mg,Hydrocortisone,Tablet,5 mg,
,,Hydrocortisone 10 mg,Hydrocortisone,Tablet,10 mg,
,,Hydrocortisone 100 mg/ml,Hydrocortisone,Injection,100 mg/ml,
,,Methylprednisolone 8 mg,Methylprednisolone,Tablet,8 mg,
,,Methylprednisolone 16 mg,Methylprednisolone,Tablet,16 mg,
,,Methylprednisolone 32 mg,Methylprednisolone,Tablet,32 mg,
,,Methylprednisolone 40 mg/ml,Methylprednisolone,Injection,40 mg/ml,
,,Prednisolone 20 mg,Prednisolone,Tablet,20 mg,
,,Ethinylestradiol 0.03 mg + Levonorgestrel 0.15 mg,Ethinyl estradiol / levonorgestrel,Tablet,,
,,Ethinylestradiol 0.035 mg + Norethisterone 1 mg,Ethinyl estradiol / levonorgestrel,Tablet,,
,,Ethinyl estradiol 0.01 mg,Ethinyl estradiol,Tablet,0.01 mg,
,,Ethinyl estradiol 0.05 mg,Ethinyl estradiol,Tablet,0.05 mg,
,,Levonorgestrel 0.75 mg,Levonorgestrel,Tablet,0.75 mg,
,,Glimepiride 1 mg,Glimepiride,Tablet,1 mg,
,,Glimepiride 2 mg,Glimepiride,Tablet,2 mg,
,,"Insulin, regular 40 IU/ml","Insulin, regular",Injection,40 IU/ml,
,,"Insulin, isophane, human 40 IU/ml","Insulin, isophane, human",Injection,40 IU/ml,
,,Metformin 500 mg,Metformin,Tablet,500 mg,
,,Metformin 750 mg,Metformin,Tablet,750 mg,
,,Metformin 1000 mg,Metformin,Tablet,1000 mg,
,,Insulin 70/30 40 IU/ml,Insulin 70/30,Injection,40 IU/ml,
,,Glucose ( Hypoglycaemia),Glucose,Injection,25%,
,,Clomiphene 50 mg,Clomiphene,Tablet,50 mg,
,,Clomiphene 100 mg,Clomiphene,Tablet,100 mg,
,,Norethindrone 5 mg,Norethindrone,Tablet,5 mg,
,,Carbimazole 5 mg,Carbimazole,Tablet,5 mg,
,,Carbimazole 10 mg,Carbimazole,Tablet,10 mg,
,,Thyroxine 12.5 mcg,Thyroxine,Tablet,12.5 mcg,
,,Thyroxine 150 mcg,Thyroxine,Tablet,150 mcg,
,,Atracurium 10 mg/ml,Atracurium,Injection,10 mg/ml,
,,Neostigmine 15 mg,Neostigmine,Tablet,15 mg,
,,Lung surfactant suspension,Lung surfactant,Suspension,,
,,Lung surfactant,Lung surfactant,Suspension,,
,,Acyclovir 3%,Acyclovir,Ointment,3%,
,,Ciprofloxacin 0.30% drops,Ciprofloxacin,Drops,0.30%,
,,Ciprofloxacin 0.30% ointment,Ciprofloxacin,Ointment,0.30%,
,,Erythromycin 0.50%,Erythromycin,Ointment,0.50%,
,,Gentamicin 0.30%,Gentamicin,Drops,0.30%,
,,Povidone-iodine 0.60%,Povidone-iodine,Drops,0.60%,
,,Povidone-iodine 5%,Povidone-iodine,Drops,5%,
,,Prednisolone 0.10%,Prednisolone,Drops,0.10%,
,,Prednisolone 1%,Prednisolone,Drops,1%,
,,Proxymetacaine 0.50%,Proxymetacaine,Drops,0.50%,
,,Acetazolamide 250 mg,Acetazolamide,Tablet,250 mg,
,,Pilocarpine 2%,Pilocarpine,Drops,2%,
,,Pilocarpine 4%,Pilocarpine,Drops,4%,
,,Timolol 0.25%,Timolol,Drops,0.25%,
,,Timolol 0.50%,Timolol,Drops,0.50%,
,,Atropine 1% drops,Atropine,Drops,1%,
,,Atropine 1% ointment,Atropine,Ointment,1%,
,,Homatropine 2%,Homatropine,Drops,2%,
,,Phenylephrine 5%,Phenylephrine,Drops,5%,
,,Phenylephrine 10%,Phenylephrine,Drops,10%,
,,Tropicamide 1% drops,Tropicamide,Drops,1%,
,,Carboxymethylcellulose 0.50%,Carboxymethylcellulose,Drops,0.50%,
,,Carboxymethylcellulose 1%,Carboxymethylcellulose,Drops,1%,
,,Dinoprostone 0.5 mg tablet,Dinoprostone,Tablet,0.5 mg,
,,Dinoprostone 0.5 mg gel,Dinoprostone,Gel,0.5 mg,
,,Methylergonovine 0.125 mg,Methylergonovine,Tablet,0.125 mg,
,,Methylergonovine 0.2 mg/ml,Methylergonovine,Injection,0.2 mg/ml,
,,Mifepristone 200 mg,Mifepristone,Tablet,200 mg,
,,Misoprostol 100 mcg,Misoprostol,Tablet,100 mcg,
,,Misoprostol 200 mcg,Misoprostol,Tablet,200 mcg,
,,Oxytocin 5 IU/ml,Oxytocin,Injection,5 IU/ml,
,,Oxytocin 10 IU/ml,Oxytocin,Injection,10 IU/ml,
,,Betamethasone 4 mg/ml,Betamethasone,Injection,4 mg/ml,
,,Nifedipine 10 mg,Nifedipine,Tablet,10 mg,
,,Risperidone 2 mg,Risperidone,Tablet,2 mg,
,,Risperidone 4 mg,Risperidone,Tablet,4 mg,
,,Risperidone 1 mg,Risperidone,Tablet,1 mg,
,,Risperidone 1 mg/ml,Risperidone,Oral solution,1 mg/ml,
,,Amitriptyline 10 mg,Amitriptyline,Tablet,10 mg,
,,Amitriptyline 25 mg,Amitriptyline,Tablet,25 mg,
,,Amitriptyline 50 mg,Amitriptyline,Tablet,50 mg,
,,Amitriptyline 75 mg,Amitriptyline,Tablet,75 mg,
,,Escitalopram 5 mg,Escitalopram,Tablet,5 mg,
,,Escitalopram 10 mg,Escitalopram,Tablet,10 mg,
,,Escitalopram 20 mg,Escitalopram,Tablet,20 mg,
,,Fluoxetine 10 mg,Fluoxetine,Oral capsule,10 mg,
,,Lithium 300 mg,Lithium,Tablet,300 mg,
,,Sodium valproate 500 mg,Sodium valproate,Tablet,500 mg,
,,Clonazepam 0.25 mg,Clonazepam,Tablet,0.25 mg,
,,Clonazepam 0.5 mg,Clonazepam,Tablet,0.5 mg,
,,Clonazepam 1 mg,Clonazepam,Tablet,1 mg,
,,Clomipramine 10 mg,Clomipramine,Oral capsule,10 mg,
,,Clomipramine 25 mg,Clomipramine,Oral capsule,25 mg,
,,Clomipramine 75 mg,Clomipramine,Oral capsule,75 mg,
,,Fluoxetine 20 mg,Fluoxetine,Oral capsule,20 mg,
,,Fluoxetine 40 mg,Fluoxetine,Oral capsule,40 mg,
,,Fluoxetine 60 mg,Fluoxetine,Oral capsule,60 mg,
,,Budesonide 100 mcg/dose,Budesonide,Inhalation powder,100 mcg/dose,
,,Budesonide 200 mcg/dose,Budesonide,Inhalation powder,200 mcg/dose,
,,Budesonide 0.5 mg/ml,Budesonide,Solution,0.5 mg/ml,
,,Budesonide 1 mg/ml,Budesonide,Solution,1 mg/ml,
,,Budesonide 100 mcg + Formoterol 6 mcg,Budesonide / formoterol,Inhalation powder,,
,,Budesonide 200 mcg + Formoterol 6 mcg,Budesonide / formoterol,Inhalation powder,,
,,Budesonide 400 mcg + Formoterol 6 mcg,Budesonide / formoterol,Inhalation powder,,
,,Hydrocortisone 100 mg injection,Hydrocortisone,Injection,100 mg,
,,Hydrocortisone 200 mg,Hydrocortisone,Injection,200 mg,
,,Ipratropium 250 mcg/ml,Ipratropium,Solution,250 mcg/ml,
,,Ipratropium 20 mcg/dose,Ipratropium,Inhalation powder,20 mcg/dose,
,,Salbutamol 2 mg,Salbutamol,Tablet,2 mg,
,,Salbutamol 4 mg,Salbutamol,Tablet,4 mg,
,,Salbutamol 2 mg/5 ml,Salbutamol,Oral solution,2 mg/5 ml,
,,Salbutamol 100 mcg/dose,Salbutamol,Inhalation powder,100 mcg/dose,
,,Salbutamol 5mg/ml,Salbutamol,Solution,5mg/ml,
,,Tiotropium 9 mcg/dose,Tiotropium,Inhalation powder,9 mcg/dose,
,,Tiotropium 18 mcg/dose,Tiotropium,Inhalation powder,18 mcg/dose,
,,Glucose 5%,Glucose,Injection,5%,
,,Glucose 10%,Glucose,Injection,10%,
,,Glucose 25%,Glucose,Injection,25%,
,,Glucose 50%,Glucose,Injection,50%,
,,Glucose / sodium chloride,Glucose / sodium chloride,Injection,,
,,Potassium chloride 150 mg/ml,Potassium chloride,Injection,150 mg/ml,
,,Potassium chloride 500 mg/5 ml,Potassium chloride,Oral solution,500 mg/5 ml,
,,Ringer's lactate as per IP,Lactated ringer's solution,Injection,as per IP,
,,Sodium bicarbonate as per IP,Sodium bicarbonate,Injection,as per IP,
,,Sodium chloride 0.90%,Sodium chloride,Injection,0.90%,
,,Sodium chloride 0.45%,Sodium chloride,Injection,0.45%,
,,Sodium chloride 3%,Sodium chloride,Injection,3%,
,,Ascorbic acid 100 mg,Ascorbic acid,Tablet,100 mg,
,,Ascorbic acid 500 mg,Ascorbic acid,Tablet,500 mg,
,,Calcium carbonate 250 mg,Calcium carbonate,Tablet,250 mg,
,,Calcium carbonate 500 mg,Calcium carbonate,Tablet,500 mg,
,,Cholecalciferol 1000 IU,Cholecalciferol,Tablet,1000 IU,
,,Cholecalciferol 60000 IU,Cholecalciferol,Tablet,60000 IU,
,,Cholecalciferol 400 IU/ml,Cholecalciferol,Oral solution,400 IU/ml,
,,Niacinamide 50 mg,Niacinamide,Tablet,50 mg,
,,Pyridoxine 10 mg,Pyridoxine,Tablet,10 mg,
,,Pyridoxine 50 mg,Pyridoxine,Tablet,50 mg,
,,Pyridoxine 100 mg,Pyridoxine,Tablet,100 mg,
,,Riboflavin 5 mg,Riboflavin,Tablet,5 mg,
,,Thiamine 100 mg,Thiamine,Tablet,100 mg,
,,Thiamine 100 mg/ml,Thiamine,Injection,100 mg/ml,
,,Vitamin A 5000 IU,Vitamin A,Oral capsule,5000 IU,
,,Vitamin A 50000 IU,Vitamin A,Oral capsule,50000 IU,
,,Vitamin A 100000 IU,Vitamin A,Oral capsule,100000 IU,
,,Vitamin A 100000 IU/ml,Vitamin A,Oral solution,100000 IU/ml,
,,Anti-rabies vaccine,Anti-rabies vaccine,Injection,,
,,Aripiprazole 10 mg,Aripiprazole,Tablet,10 mg,
,,Aripiprazole 15 mg,Aripiprazole,Tablet,15 mg,
,,Aripiprazole 20 mg,Aripiprazole,Tablet,20 mg,
,,Clozapine 50 mg,Clozapine,Tablet,50 mg,
,,Clozapine 100 mg,Clozapine,Tablet,100 mg,
,,Clozapine 200 mg,Clozapine,Tablet,200 mg,
,,Fenofibrate 200 mg,Fenofibrate,Tablet,200 mg,
,,Sitagliptin 50 mg,Sitagliptin phosphate,Tablet,50 mg,
,,Calcium 500mg + Vitamin D3 250iu,Calcium / vitamin D,Tablet,,
,,Topiramate 50 mg,Topiramate,Tablet,50 mg,
,,Amisulpride 50 mg,Amisulpride,Tablet,50 mg,
,,Amisulpride 100 mg,Amisulpride,Tablet,100 mg,
,,Amisulpride 200 mg,Amisulpride,Tablet,200 mg,
,,Paroxetine 12.5 mg,Paroxetine,Tablet,12.5 mg,
,,Paroxetine 25 mg,Paroxetine,Tablet,25 mg,
,,Paroxetine 37.5 mg,Paroxetine,Tablet,37.5 mg,
,,Donepezil 5 mg,Donepezil,Tablet,5 mg,
,,Donepezil 10 mg,Donepezil,Tablet,10 mg,
,,Memantine 5 mg,Memantine,Tablet,5 mg,
,,Memantine 10 mg,Memantine,Tablet,10 mg,
,,Darifenacin 7.5 mg,Darifenacin,Tablet,7.5 mg,
,,Darifenacin 15 mg,Darifenacin,Tablet,15 mg,
,,Chlorthalidone 25 mg,Chlorthalidone,Tablet,25 mg,
,,Indapamide 1.5 mg,Indapamide,Tablet,1.5mg,
,,Indapamide 2.5 mg,Indapamide,Tablet,2.5mg,

,,Enalapril 20 mg,Enalapril,Tablet,20 mg,
,,Ramipril 10 mg,Ramipril,Tablet,10 mg,
,,Losartan 25 mg,Losartan,Tablet,25 mg,
,,Losartan 50 mg,Losartan,Tablet,50 mg,
,,Losartan 100 mg,Losartan,Tablet,100 mg,
,,Losartan 50 mg + Hydrochlorothiazide 12.5 mg,Losartan / hydrochlorothiazide,Tablet,50 mg + 12.5 mg,
,,Perindopril 4 mg,Perindopril,Tablet,4 mg,
,,Perindopril 8 mg,Perindopril,Tablet,8 mg,
,,Amlodipine 5 mg + Hydrochlorothiazide 12.5 mg,Amlodipine / hydrochlorothiazide,Tablet,5 mg + 12.5 mg,
,,Amlodipine 10 mg + Hydrochlorothiazide 25 mg,Amlodipine / hydrochlorothiazide,Tablet,10 mg + 25 mg,
,,Telmisartan 40 mg + Amlodipine 5 mg,Telmisartan / amlodipine,Tablet,40 mg + 5 mg,
,,Telmisartan 80 mg + Amlodipine 10 mg,Telmisartan / amlodipine,Tablet,80 mg + 10 mg,

,,Digoxin 0.0625 mg,Digoxin,Tablet,0.0625 mg,
,,Nicotinic acid 250 mg,Nicotinic acid,Tablet,250 mg,
,,Atenolol 5 mg/ml,Atenolol,Suspension,5 mg/ml,
,,Esmolol 10 mg/ml,Esmolol,Injection,10 mg/ml,
,,Labetalol 100 mg,Labetalol,Tablet,100 mg,
,,Labetalol 200 mg,Labetalol,Tablet,200 mg,
,,Labetalol 300 mg,Labetalol,Tablet,300 mg,
,,Labetalol 1 mg/ml,Labetalol,Injection,1 mg/ml,
,,Propranolol 20 mg/5 ml,Propranolol,Suspension,20 mg/5 ml,
,,Furosemide 20 mg/5 ml,Furosemide,Suspension,20 mg/5 ml,
,,Furosemide 20 mg,Furosemide,Tablet,20 mg,
,,Spironolactone 25 mg/5 ml,Spironolactone,Suspension,25 mg/5 ml,
,,Carvedilol 6.25 mg,Carvedilol,Tablet,6.25 mg,
,,Carvedilol 12.5 mg,Carvedilol,Tablet,12.5 mg,
,,Carvedilol 25 mg,Carvedilol,Tablet,25 mg,
,,Isosorbide dinitrate sublingual 5 mg,Isosorbide dinitrate,Sublingual tablet,5 mg,
,,Isosorbide mononitrate 10 mg,Isosorbide mononitrate,Tablet,10 mg,
,,Isosorbide mononitrate 20 mg,Isosorbide mononitrate,Tablet,20 mg,
,,Verapamil 240 mg,Verapamil,Tablet,240 mg,
,,Pravastatin 40 mg,Pravastatin,Tablet,40 mg,
,,Simvastatin 10 mg,Simvastatin,Tablet,10 mg,
,,Nicardipine 10 mg/10 ml,Nicardipine,Injection,10 mg/10 ml,
,,Nicardipine 20 mg,Nicardipine,Tablet,20 mg,
,,Nicardipine 30 mg,Nicardipine,Tablet,30 mg,
,,Nicardipine 40 mg,Nicardipine,Tablet,40 mg,
,,Atropine 0.5 mg/ml,Atropine,Injection,0.5 mg/ml,
,,Dobutamine 250 mg/50 ml,Dobutamine,Injection,250 mg/50 ml,
,,Epinephrine 0.1 mg/1 ml,Epinephrine,Injection,0.1 mg/1 ml,
,,Nitroprusside 50 mg/ml,Nitroprusside,Injection,50 mg/ml,
,,Polidocanol 3%,Polidocanol,Injection,3%,
,,Polidocanol 5%,Polidocanol,Injection,5%,
,,Cilostazol 50 mg,Cilostazol,Tablet,50 mg,
,,Cilostazol 100 mg,Cilostazol,Tablet,100 mg,
,,Diosmin 500 mg,Diosmin,Tablet,500 mg,
,,Diosmin 750 mg,Diosmin,Tablet,750 mg,
,,Diosmin 1 g,Diosmin,Tablet,1 g,
,,Rutascorbin 25 mg,Rutascorbin,Injection,25 mg,
,,Rutascorbin 50 mg,Rutascorbin,Injection,50 mg,
,,Rutascorbin 100 mg,Rutascorbin,Injection,100 mg,
,,Injectable sodium heparin 25000 IU,Sodium heparin,Injection,25000 IU,
,,Sodium heparin cream 200 IU,Sodium heparin,Cream,200 IU,
,,Pentoxifylline 400 mg,Pentoxifylline,Tablet,400 mg,
,,Pentoxifylline 300 mg,Pentoxifylline,Injection,300 mg,
,,Alfentanil 5 mg/ml,Alfentanil,Injection,5 mg/ml,
,,Enflurane 250 ml,Enflurane,Liquid,250 ml,
,,Etomidate 20 mg/10 ml,Etomidate,Injection,20 mg/10 ml,
,,Fentanyl 500 mcg/ml,Fentanyl,Injection,500 mcg/ml,
,,Halothane 250 ml,Halothane,Liquid,250 ml,
,,Isoflurane 100 ml,Isoflurane,Liquid,100 ml,
,,Isoflurane 250 ml,Isoflurane,Liquid,250 ml,
,,Lipid emulsion 20%,Lipid emulsion,Infusion,20%,
,,Magnesium sulfate 500 mg,Magnesium sulfate,Injection,500 mg,
,,Sevoflurane 100 ml,Sevoflurane,Liquid,100 ml,
,,Sevoflurane 250 ml,Sevoflurane,Liquid,250 ml,
,,Thiopental sodium 10 mg/ml,Thiopental,Injection,10 mg/ml,
,,Thiopental sodium 20 mg/ml,Thiopental,Injection,20 mg/ml,
,,Ephedrine 50 mg/ml,Ephedrine,Injection,50 mg/ml,
,,Ethyl chloride 100 ml,Ethyl chloride,Spray,100 ml,
,,Lidocaine / prilocaine 2.5%/2.5%,Lidocaine / prilocaine,Cream,2.5%/2.5%,
,,Lignocaine 10% spray,Lignocaine,Spray,10%,
,,Lignocaine-epinephrine 20 mg/ml,Lignocaine-epinephrine,Dental,20 mg/ml,
,,Codeine phosphate 30 mg,Codeine phosphate,Tablet,30 mg,
,,Morphine 2.5-20 mg,Morphine,Oral solution,2.5-20 mg,
,,Morphine 10 mg sustained-release tablet,Morphine,Sustained-release tablet,10 mg,
,,Paracetamol 500 mg + Codeine phosphate 8 mg,Paracetamol / codeine,Tablet,500 mg + 8 mg,
,,Pethidine 50 mg/ml,Pethidine,Injection,50 mg/ml,
,,Pethidine 100 mg/ml,Pethidine,Injection,100 mg/ml,
,,Tilidine 100 mg,Tilidine,Tablet,100 mg,
,,Tramadol hydrochloride 50 mg,Tramadol,Tablet,50 mg,
,,Tramadol hydrochloride 100 mg,Tramadol,Tablet,100 mg,
,,Ergotamine 2 mg,Ergotamine,Tablet,2 mg,
,,Ergotamine 2 mg + Caffeine 100 mg,Ergotamine / caffeine,Tablet,2 mg + 100 mg,
,,Sumatriptan 6 mg/0.5 ml,Sumatriptan,Injection,6 mg/0.5 ml,
,,Sumatriptan 50 mg,Sumatriptan,Tablet,50 mg,
,,Sumatriptan 100 mg,Sumatriptan,Tablet,100 mg,
,,Carbamazepine controlled release 200 mg,Carbamazepine,Sustained-release tablet,200 mg,
,,Clonazepam 2 mg,Clonazepam,Tablet,2 mg,
,,Ethosuximide 250 mg,Ethosuximide,Oral capsule,250 mg,
,,Ethosuximide 250 mg/5 ml,Ethosuximide,Syrup,250 mg/5 ml,
,,Gabapentin 300 mg,Gabapentin,Tablet,300 mg,
,,Lamotrigine 25 mg,Lamotrigine,Tablet,25 mg,
,,Lamotrigine 50 mg,Lamotrigine,Tablet,50 mg,
,,Lamotrigine 100 mg,Lamotrigine,Tablet,100 mg,
,,Lamotrigine 100 mg/ml,Lamotrigine,Syrup,100 mg/ml,
,,Levetiracetam 500 mg,Levetiracetam,Tablet,500 mg,
,,Levetiracetam 1 g,Levetiracetam,Tablet,1 g,
,,Levetiracetam 100 mg/ml,Levetiracetam,Syrup,100 mg/ml,
,,Phenobarbital 15 mg/5 ml,Phenobarbital,Syrup,15 mg/5 ml,
,,Phenobarbital 65 mg/ml,Phenobarbital,Injection,65 mg/ml,
,,Phenobarbital 130 mg/ml,Phenobarbital,Injection,130 mg/ml,
,,Phenytoin 250 mg/5 ml,Phenytoin,Injection,250 mg/5 ml,
,,Pyridostigmine 60 mg,Pyridostigmine,Tablet,60 mg,
,,Pyridostigmine 60 mg/5 ml,Pyridostigmine,Suspension,60 mg/5 ml,
,,Sodium valproate 50 mg/5 ml,Sodium valproate,Oral solution,50 mg/5 ml,
,,Sodium valproate controlled release 300 mg,Sodium valproate,Sustained-release tablet,300 mg,
,,Sodium valproate controlled release 500 mg,Sodium valproate,Sustained-release tablet,500 mg,
,,Topiramate 100 mg,Topiramate,Tablet,100 mg,
,,Biperiden 2 mg,Biperiden,Tablet,2 mg,
,,Biperiden 1 mg,Biperiden,Injection,1 mg,
,,Biperiden 2 mg,Biperiden,Injection,2 mg,
,,Biperiden 5 mg,Biperiden,Injection,5 mg,
,,Bromocriptine 2.5 mg,Bromocriptine,Tablet,2.5 mg,
,,Carbidopa 25 mg / Levodopa 250 mg,Carbidopa / levodopa,Tablet,25 mg / 250 mg,
,,Orphenadrine 50 mg,Orphenadrine,Tablet,50 mg,
,,Flupentixol 20 mg/ml,Flupentixol,Injection,20 mg/ml,
,,Fluphenazine decanoate 25 mg/ml,Fluphenazine decanoate,Injection,25 mg/ml,
,,Haloperidol 1.5 mg,Haloperidol,Tablet,1.5 mg,
,,Haloperidol 5 mg,Haloperidol,Tablet,5 mg,
,,Lithium carbonate 400 mg,Lithium carbonate,Tablet,400 mg,
,,Olanzapine 10 mg/ml,Olanzapine,Injection,10 mg/ml,
,,Olanzapine 5 mg,Olanzapine,Tablet,5 mg,
,,Olanzapine 10 mg,Olanzapine,Tablet,10 mg,
,,Quetiapine 25 mg,Quetiapine,Tablet,25 mg,
,,Quetiapine 100 mg,Quetiapine,Tablet,100 mg,
,,Risperidone 25 mg,Risperidone,Injection,25 mg,
,,Risperidone 37.5 mg,Risperidone,Injection,37.5 mg,
,,Trifluoperazine 1 mg,Trifluoperazine,Tablet,1 mg,
,,Trifluoperazine 5 mg,Trifluoperazine,Tablet,5 mg,
,,Diazepam 5 mg,Diazepam,Tablet,5 mg,
,,Diazepam 2.5 mg,Diazepam,Suppository,2.5 mg,
,,Diazepam 5 mg suppository,Diazepam,Suppository,5 mg,
,,Diazepam 10 mg suppository,Diazepam,Suppository,10 mg,
,,Diazepam 10 mg/ml,Diazepam,Injection,10 mg/ml,
,,Lorazepam 4 mg/ml,Lorazepam,Injection,4 mg/ml,
,,Midazolam 5 mg,Midazolam,Tablet,5 mg,
,,Citalopram 10 mg,Citalopram,Tablet,10 mg,
,,Citalopram 20 mg,Citalopram,Tablet,20 mg,
,,Fluoxetine 5 mg,Fluoxetine,Oral capsule,5 mg,
,,Imipramine 10 mg,Imipramine,Tablet,10 mg,
,,Imipramine 25 mg,Imipramine,Tablet,25 mg,
,,Caffeine citrate 20 mg/ml,Caffeine citrate,Injection,20 mg/ml,
,,Caffeine citrate 20 mg,Caffeine citrate,Suspension,20 mg,
,,Methylphenidate 10 mg,Methylphenidate,Tablet,10 mg,
,,Methylphenidate 20 mg,Methylphenidate,Tablet,20 mg,
,,Alprazolam 0.5 mg,Alprazolam,Tablet,0.5 mg,
,,Alprazolam 1 mg,Alprazolam,Tablet,1 mg,
,,Alprazolam 2 mg,Alprazolam,Tablet,2 mg,
,,Acamprosate 333 mg,Acamprosate,Tablet,333 mg,
,,Bupropion 150 mg,Bupropion,Tablet,150 mg,
,,Disulfiram 400 mg,Disulfiram,Tablet,400 mg,
,,Flupentixol 0.5 mg,Flupentixol,Tablet,0.5 mg,
,,Flupentixol 1 mg,Flupentixol,Tablet,1 mg,
,,Fluphenazine 2.5 mg,Fluphenazine,Tablet,2.5 mg,
,,Fluphenazine 5 mg,Fluphenazine,Tablet,5 mg,
,,Melatonin 2 mg,Melatonin,Tablet,2 mg,
,,Mirtazapine 15 mg,Mirtazapine,Tablet,15 mg,
,,Mirtazapine 30 mg,Mirtazapine,Tablet,30 mg,
,,Modafil 100 mg,Modafil,Tablet,100 mg,
,,Methadone 5 mg/5 ml,Methadone,Suspension,5 mg/5 ml,
,,Naltrexone 50 mg,Naltrexone,Tablet,50 mg,
,,Nicorette 2 mg,Nicorette,Gum,2 mg,
,,Nicorette 4 mg,Nicorette,Gum,4 mg,
,,Nicorette 2 mg tablet,Nicorette,Tablet,2 mg,
,,Nicorette 25 mg tablet,Nicorette,Tablet,25 mg,
,,Nicorette 100 mg tablet,Nicorette,Tablet,100 mg,
,,Risperidone 50 mg/ml,Risperidone,Injection,50 mg/ml,
,,Varenicline 1 mg,Varenicline,Tablet,1 mg,
,,Venlafaxine 37.5 mg,Venlafaxine,Tablet,37.5 mg,
,,Venlafaxine 75 mg,Venlafaxine,Tablet,75 mg,
,,Neostigmine 2.5 mg/ml,Neostigmine,Injection,2.5 mg/ml,
,,Alvogyl 10 g,Alvogyl,Paste,10 g,
,,Chlorhexidine di gluconate 0.20%,Chlorhexidine di gluconate,Liquid,0.20%,
,,Gentian violet 0.5%,Gentian violet,Liquid,0.5%,
,,Hydrogen peroxide 3%,Hydrogen peroxide,Solution,3%,
,,Glycerine thymol 10% + 0.05%,Glycerine thymol,Liquid,10% + 0.05%,
,,Lidocaine 2% dental,Lidocaine,Dental,2%,
,,Lidocaine 2% gel,Lidocaine,Gel,2%,
,,Miconazole 2% gel,Miconazole,Gel,2%,
,,Nystatin 100000 IU/ml,Nystatin,Suspension,100000 IU/ml,
,,Aluminium hydroxide /Magnesium trisilicate 425 mg/5 ml,Aluminium hydroxide / magnesium trisilicate,Suspension,425 mg/5 ml,
,,Magnesium sulfate 500 mg,Magnesium sulfate,Tablet,500 mg,
,,Magnesium trisilicate 250 mg suspension,Magnesium trisilicate,Suspension,250 mg,
,,Magnesium trisilicate 250 mg,Magnesium trisilicate,Tablet,250 mg,
,,Lansoprazole 30 mg,Lansoprazole,Tablet,30 mg,
,,Octreotide 50 mcg/ml,Octreotide,Injection,50 mcg/ml,
,,Cyclizine 50 mg,Cyclizine,Tablet,50 mg,
,,Metoclopramide 5 mg/5 ml,Metoclopramide,Suspension,5 mg/5 ml,
,,Metoclopramide 10 mg,Metoclopramide,Tablet,10 mg,
,,Metoclopramide 5 mg/ml,Metoclopramide,Injection,5 mg/ml,
,,Prochlorperazine 12.5 mg/ml,Prochlorperazine,Injection,12.5 mg/ml,
,,Prochlorperazine 5 mg,Prochlorperazine,Tablet,5 mg,
,,Bisacodyl 10 mg suppository,Bisacodyl,Suppository,10 mg,
,,Cholestyramine 4 g,Cholestyramine,Suspension,4 g,
,,Glycerine BP 100%,Glycerine BP,Liquid,100%,
,,Glycerine adult 1.698 ml/2.4 g,Glycerine adult,Suppository,1.698 ml/2.4 g,
,,Glycerine paediatric 0.891 ml/1.26 g,Glycerine paediatric,Suppository,0.891 ml/1.26 g,
,,Ispaghula husk solution,Ispaghula husk,Solution,,
,,Kaolin and pectin suspension,Kaolin and pectin,Suspension,,
,,Polyethylene glycol 59 g/L,Polyethylene glycol,Solution,59 g/L,
,,Sodium biphosphate 16 mg/100 ml,Sodium biphosphate,Solution,16 mg/100 ml,
,,Sodium phosphate 6 g/100 ml,Sodium phosphate,Solution,6 g/100 ml,
,,Bismuth subgallate compound 59 mg/24 mg/296 mg,Bismuth subgallate compound,Suppository,59 mg/24 mg/296 mg,
,,Liquid paraffin BP,Liquid paraffin BP,Liquid,,
,,Phenylephrine rectal cream,Phenylephrine,Rectal,,
,,Diphenoxylate 2.5 mg + Atropine 0.025 mg,Diphenoxylate / atropine,Tablet,2.5 mg + 0.025 mg,
,,Sulphasalazine 250 mg,Sulfasalazine,Tablet,250 mg,
,,Canagliflozin 300 mg,Canagliflozin,Tablet,300 mg,
,,Dapagliflozin 10 mg,Dapagliflozin,Tablet,10 mg,
,,Empagliflozin 25 mg,Empagliflozin,Tablet,25 mg,
,,Gliclazide XR 30 mg,Gliclazide,Sustained-release tablet,30 mg,
,,Gliclazide XR 60 mg,Gliclazide,Sustained-release tablet,60 mg,
,,Gliclazide XR 90 mg,Gliclazide,Sustained-release tablet,90 mg,
,,Gliclazide XR 120 mg,Gliclazide,Sustained-release tablet,120 mg,
,,Metformin 850 mg,Metformin,Tablet,850 mg,
,,Dextrose 5%,Dextrose,Solution,5%,
,,Dextrose 10%,Dextrose,Solution,10%,
,,Dextrose 50%,Dextrose,Injection,50%,
,,Glucagon 1 mg,Glucagon,Injection,1 mg,
,,Potassium chloride 20 mmol,Potassium chloride,Injection,20 mmol,
,,Sodium bicarbonate 50 mmol,Sodium bicarbonate,Injection,50 mmol,
,,Insulin, isophane 100 units/ml,Insulin, isophane,Injection,100 units/ml,
,,Insulin, soluble 100 units/ml,Insulin, soluble,Injection,100 units/ml,
,,Insulin 30/70 100 units/ml,Insulin 30/70,Injection,100 units/ml,
,,Carbimazole 20 mg,Carbimazole,Tablet,20 mg,
,,Calcitrol 0.25 mcg,Calcitrol,Capsule,0.25 mcg,
,,Desmopressin 0.1 mg,Desmopressin,Tablet,0.1 mg,
,,Desmopressin 0.2 mg,Desmopressin,Tablet,0.2 mg,
,,Desmopressin nasal spray 0.01% w/v,Desmopressin,Solution,0.01% w/v,
,,Levothyroxine 50 mg,Levothyroxine,Tablet,50 mg,
,,Levothyroxine 100 mg,Levothyroxine,Tablet,100 mg,
,,Lugol's iodine 50 mg/ml,Lugol's iodine,Solution,50 mg/ml,
,,Propylthiouracil 50 mg,Propylthiouracil,Tablet,50 mg,
,,Vitamin A 200000 IU,Vitamin A,Oral capsule,200000 IU,
,,Alendronic acid 70 mg,Alendronic acid,Tablet,70 mg,
,,Multivitamin,Multivitamin,Tablet,,
,,Multivitamin syrup,Multivitamin,Syrup,,
,,Nicotinamide 100 mg,Nicotinamide,Tablet,100 mg,
,,Selenium 200 mcg,Selenium,Capsule,200 mcg,
,,Vitamin B complex,Vitamin B complex,Injection,,
,,Vitamin B complex tablet,Vitamin B complex,Tablet,,
,,Vitamin B complex syrup,Vitamin B complex,Syrup,,
,,Vitamin B1 50 mg,Thiamine,Tablet,50 mg,
,,Vitamin B1 300 mg,Thiamine,Tablet,300 mg,
,,Vitamin B12 1000 mcg/ml,Vitamin B12,Injection,1000 mcg/ml,
,,Vitamin B6 25 mg,Pyridoxine,Tablet,25 mg,
,,Vitamin B6 50 mg,Pyridoxine,Tablet,50 mg,
,,Vitamin B6 1 mg/ml,Pyridoxine,Injection,1 mg/ml,
,,Vitamin C 250 mg,Ascorbic acid,Tablet,250 mg,
,,Vitamin C 50 mg/ml,Ascorbic acid,Syrup,50 mg/ml,
,,Vitamin D 400-800 IU,Ergocalciferol,Tablet,400-800 IU,
,,Vitamin E 100 IU,Vitamin E,Capsule,100 IU,
,,Calcium gluconate 300 mg,Calcium gluconate,Tablet,300 mg,
,,Calcium gluconate 1 g,Calcium gluconate,Tablet,1 g,
,,Fluorine tablet,Fluorine,Tablet,,
,,Half-strength Darrow's + 5% dextrose 200 ml,Darrow's + dextrose,Solution,200 ml,
,,Kayexalate 15 g,Kayexalate,Powder,15 g,
,,Magnesium sulphate 50%,Magnesium sulphate,Injection,50%,
,,Potassium chloride 600 mg,Potassium chloride,Tablet,600 mg,
,,Potassium chloride 15%,Potassium chloride,Injection,15%,
,,Potassium chloride 100 mg/ml,Potassium chloride,Suspension,100 mg/ml,
,,Sodium bicarbonate 8.4%,Sodium bicarbonate,Injection,8.4%,
,,Sodium bicarbonate 4.2%,Sodium bicarbonate,Injection,4.2%,
,,Sodium chloride 0.90% solution,Sodium chloride,Solution,0.90%,
,,Sodium chloride irrigation solution 0.90%,Sodium chloride,Solution,0.90%,
,,Sodium citrate 100 gF,Sodium citrate,Powder,100 gF,
,,Sodium polystyrene sulphonate 454 g,Sodium polystyrene sulphonate,Powder,454 g,
,,Zinc 10 mg,Zinc,Tablet,10 mg,
,,Zinc 20 mg,Zinc,Tablet,20 mg,
,,Ensure,Ensure,Powder,,
,,Formula 100 (F100),Formula 100,Powder,,
,,Formula 75 (F75),Formula 75,Powder,,
,,Multiple micronutrient powder,Multiple micronutrient,Powder,,
,,Nutren fibre,Nutren fibre,Powder,,
,,Nutren optimum,Nutren optimum,Powder,,
,,Pediasure,Pediasure,Powder,,
,,Peptamen adults,Peptamen adults,Powder,,
,,Peptamen junior,Peptamen junior,Powder,,
,,Plumpy Soy,Plumpy Soy,Paste,,
,,Pre-filled 3-chamber total parenteral nutrition bag with electrolytes,T PN bag with electrolytes,Infusion,,
,,ReSoMal,ReSoMal,Powder,,
,,RUTF (Plumpy Nut),RUTF,Paste,,
,,Supercereal,Supercereal,Powder,,
,,Supercereal plus,Supercereal plus,Powder,,
,,Normal saline 0.90% nasal drops,Sodium chloride,Nasal drops,0.90%,
,,Oxymetazoline 0.025% nasal drops,Oxymetazoline,Nasal drops,0.025%,
,,Oxymetazoline 0.05% nasal drops,Oxymetazoline,Nasal drops,0.05%,
,,Aminophylline 250 mg/10 ml,Aminophylline,Injection,250 mg/10 ml,
,,Beclomethasone 100 mcg nasal spray,Beclomethasone,Nasal spray,100 mcg,
,,Beclomethasone 50 mcg/200 doses inhaler,Beclomethasone,Inhaler,50 mcg/200 doses,
,,Budesonide 200 mcg nasal spray,Budesonide,Nasal spray,200 mcg,
,,Budesonide 160 mcg + Formoterol 4.5 mcg inhaler,Budesonide / formoterol,Inhaler,160 mcg/4.5 mcg,
,,Fenoterol 1.25 mg nebulising solution,Fenoterol,Nebulising solution,1.25 mg,
,,Fluticasone 250 mcg inhaler,Fluticasone,Inhaler,250 mcg,
,,Fluticasone 250 mcg + Salmeterol 50 mcg inhaler,Fluticasone / salmeterol,Inhaler,250 mcg/50 mcg,
,,Ipratropium bromide 0.5 mg/2 ml nebulising solution,Ipratropium bromide,Nebulising solution,0.5 mg/2 ml,
,,Ipratropium bromide 20 mcg inhaler,Ipratropium bromide,Inhaler,20 mcg,
,,Montelukast 10 mg tablet,Montelukast,Tablet,10 mg,
,,Montelukast 4 mg tablet,Montelukast,Tablet,4 mg,
,,Salbutamol 100 mcg inhaler,Salbutamol,Inhaler,100 mcg,
,,Salbutamol 0.5 mg/ml injection,Salbutamol,Injection,0.5 mg/ml,
,,Theophylline 100 mg,Theophylline,Tablet,100 mg,
,,Theophylline 200 mg,Theophylline,Tablet,200 mg,
,,Theophylline 300 mg,Theophylline,Tablet,300 mg,
,,Cetirizine 1 mg/1 ml,Cetirizine,Syrup,1 mg/1 ml,
,,Loratadine 10 mg,Loratadine,Tablet,10 mg,
,,Loratadine 5 mg/5 ml,Loratadine,Syrup,5 mg/5 ml,
,,Promethazine 25 mg/ml,Promethazine,Injection,25 mg/ml,
,,Promethazine 25 mg,Promethazine,Tablet,25 mg,
,,Promethazine 5 mg/5 ml,Promethazine,Syrup,5 mg/5 ml,
,,Mepyramine 2% cream,Mepyramine,Cream,2%,
,,Albumin 4%,Albumin,Injection,4%,
,,Albumin 20%,Albumin,Injection,20%,
,,Factor IX 500 IU/ml,Factor IX,Injection,500 IU/ml,
,,Factor VIII 250 IU/ml,Factor VIII,Injection,250 IU/ml,
,,Factor VIII 500 IU/ml,Factor VIII,Injection,500 IU/ml,
,,FEIBA 500 IU/ml,FEIBA,Injection,500 IU/ml,
,,Hemilibra 150 mg/0.7 ml,Hemilibra,Injection,150 mg/0.7 ml,
,,Warfarin 1 mg/ml suspension,Warfarin,Suspension,1 mg/ml,
,,Erythropoietin 4000 IU/ml,Erythropoietin,Injection,4000 IU/ml,
,,Ferrous fumarate 200 mg + Folic acid 100 mcg,Ferrous fumarate / folic acid,Tablet,200 mg/100 mcg,
,,Ferrous sulphate 200 mg,Ferrous sulphate,Tablet,200 mg,
,,Ferrous sulphate 170 mg,Ferrous sulphate,Tablet,170 mg,
,,Ferrous sulphate 65 mg,Ferrous sulphate,Tablet,65 mg,
,,Ferrous sulphate 300 mg/10 ml,Ferrous sulphate,Syrup,300 mg/10 ml,
,,Hydroxyurea 100 mg,Hydroxyurea,Tablet,100 mg,
,,Hydroxyurea 300 mg,Hydroxyurea,Tablet,300 mg,
,,Hydroxyurea 500 mg,Hydroxyurea,Tablet,500 mg,
,,Hydroxyurea 1 g,Hydroxyurea,Tablet,1 g,
,,Phytomenadione 2 mg/ml,Phytomenadione,Injection,2 mg/ml,
,,Phytomenadione 10 mg/ml,Phytomenadione,Injection,10 mg/ml,
,,Phytomenadione 10 mg,Phytomenadione,Tablet,10 mg,
,,Tranexamic acid 250 mg/ml,Tranexamic acid,Injection,250 mg/ml,
,,Tranexamic acid 1 g,Tranexamic acid,Injection,1 g,
,,Acetazolamide 250 mg infusion,Acetazolamide,Infusion,250 mg,
,,Acetazolamide 375 mg infusion,Acetazolamide,Infusion,375 mg,
,,Amoxicillin 500 mg injection,Amoxicillin,Injection,500 mg,
,,Neolyte infusion,Neolyte,Infusion,,
,,Polygeline (Haemaccel) 70%,Polygeline (Haemaccel),Infusion,70%,
,,Ringer's lactate 200 ml,Ringer's lactate,Solution,200 ml,
,,Ringer's lactate 1000 ml,Ringer's lactate,Solution,1000 ml,
,,Sodium chloride 0.9% 200 ml,Sodium chloride,Solution,0.9% 200 ml,
,,Sodium chloride 0.9% 1000 ml,Sodium chloride,Solution,0.9% 1000 ml,
,,Water for injection 10 ml,Water for injection,Injection,10 ml,
,,Econazole 2% eye drops,Econazole,Eye drops,2%,
,,Ofloxacin 0.30% eye drops,Ofloxacin,Eye drops,0.30%,
,,Sodium cromoglycate 2% eye drops,Sodium cromoglycate,Eye drops,2%,
,,Tobramycin 3 mg/ml eye drops,Tobramycin,Eye drops,3 mg/ml,
,,Fluorometholone 0.1% + Neomycin 0.35% eye drops,Fluorometholone / neomycin,Eye drops,0.1% + 0.35%,
,,Bimatoprost 0.03 mg/ml eye drops,Bimatoprost,Eye drops,0.03 mg/ml,
,,Brimonidine tartrate 2 mg eye drops,Brimonidine tartrate,Eye drops,2 mg,
,,Brimonidine tartrate 1.5 mg eye drops,Brimonidine tartrate,Eye drops,1.5 mg,
,,Brimonidine tartrate 2 mg/Timolol 5 mg/ml eye drops,Brimonidine tartrate / timolol,Eye drops,2 mg/5 mg/ml,
,,Dexamethasone/polymyxin B eye drops,Dexamethasone / polymyxin B,Eye drops,,
,,Levobunolol 5 mg eye drops,Levobunolol,Eye drops,5 mg,
,,Prednisolone 2 mg/5 ml eye drops,Prednisolone,Eye drops,2 mg/5 ml,
,,Atropine 10 mg/ml eye drops,Atropine,Eye drops,10 mg/ml,
,,Cyclopentolate 1% eye drops,Cyclopentolate,Eye drops,1%,
,,Homatropine 20 mg/ml eye drops,Homatropine,Eye drops,20 mg/ml,
,,Antazoline 0.5 mg/Tetryzoline 0.4 mg per ml eye drops,Antazoline / tetryzoline,Eye drops,0.5 mg/0.4 mg per ml,
,,Oxymetazoline 0.03% eye drops,Oxymetazoline,Eye drops,0.03%,
,,Amethocaine 0.50% eye drops,Amethocaine,Eye drops,0.50%,
,,Benoxinate eye drops,Benoxinate,Eye drops,,
,,Hydroxypropyl methylcellulose 2% eye drops,Hydroxypropyl methylcellulose,Eye drops,2%,
,,Acetylcysteine 200 mg/ml,Acetylcysteine,Injection,200 mg/ml,
,,Carbocysteine 250 mg/5 ml,Carbocysteine,Syrup,250 mg/5 ml,
,,Pralidoxime mesylate 250 mg/5 ml,Pralidoxime mesylate,Injection,250 mg/5 ml,
,,Clotrimazole vaginal 500 mg cream,Clotrimazole,Cream,500 mg,
,,Imiquimod 5% cream,Imiquimod,Cream,5%,
,,Nystatin 100000 IU pessary,Nystatin,Pessary,100000 IU,
,,Clotrimazole 100 mg pessary,Clotrimazole,Pessary,100 mg,
,,Potassium citrate 30% solution,Potassium citrate,Solution,30%,
,,Ergometrine 0.5 mg/ml,Ergometrine,Injection,0.5 mg/ml,
,,Mifeprostol 800 mcg tablet,Mifeprostol,Tablet,800 mcg,
,,Mifeprostol 800 mcg + Misoprostol 200 mcg tablet,Mifeprostol / misoprostol,Tablet,800 mcg/200 mcg,
,,Carbetocin 100 mcg,Carbetocin,Injection,100 mcg,
,,Doxazosin 4 mg,Doxazosin,Tablet,4 mg,
,,Dutasteride 0.5 mg,Dutasteride,Tablet,0.5 mg,
,,Finasteride 5 mg,Finasteride,Tablet,5 mg,
,,Oxybutynin 2.5 mg,Oxybutynin,Tablet,2.5 mg,
,,Oxybutynin 5 mg,Oxybutynin,Tablet,5 mg,
,,Sildenafil 25 mg,Sildenafil,Tablet,25 mg,
,,Sildenafil 50 mg,Sildenafil,Tablet,50 mg,
,,Sildenafil 100 mg,Sildenafil,Tablet,100 mg,
,,Tamsulosin 0.4 mg,Tamsulosin,Tablet,0.4 mg,
,,Condoms (latex, female),Condoms (latex, female),Device,,
,,Condoms (latex, male),Condoms (latex, male),Device,,
,,Intrauterine contraceptive device 260 mg Cu,Intrauterine contraceptive device,Device,260 mg Cu,
,,Tadalafil 5 mg,Tadalafil,Tablet,5 mg,
,,Tadalafil 10 mg,Tadalafil,Tablet,10 mg,
,,Norethisterone enanthate 200 mg/ml,Norethisterone enanthate,Injection,200 mg/ml,
,,Depot medroxyprogesterone acetate 104 mg/0.65 ml,Depot medroxyprogesterone acetate,Injection,104 mg/0.65 ml,
,,Medroxyprogesterone acetate 150 mg,Medroxyprogesterone acetate,Injection,150 mg,
,,Conjugated equine oestrogens oral 0.3 mg,Conjugated equine oestrogens,Tablet,0.3 mg,
,,Conjugated equine oestrogens oral 0.625 mg,Conjugated equine oestrogens,Tablet,0.625 mg,
,,Cyproterone acetate 1 mg,Cyproterone acetate,Tablet,1 mg,
,,Estradiol valerate 1 mg,Estradiol valerate,Tablet,1 mg,
,,Estradiol valerate 2 mg,Estradiol valerate,Tablet,2 mg,
,,Ethinylestradiol 0.15/0.03 mg,Ethinylestradiol,Tablet,0.15/0.03 mg,
,,Levonorgestrel 30 mg,Levonorgestrel,Tablet,30 mg,
,,Levonorgestrel 75 mg,Levonorgestrel,Tablet,75 mg,
,,Levonorgestrel 1.5 mg,Levonorgestrel,Tablet,1.5 mg,
,,Levonorgestrel 75 mg implant,Levonorgestrel,Implant,75 mg,
,,Etonogestrel 68 mg implant,Etonogestrel,Implant,68 mg,
,,Levonorgestrel 52 mg IUCD,Levonorgestrel,IUCD,52 mg,
,,Norethisterone acetate 1 mg,Norethisterone acetate,Tablet,1 mg,
,,Azathioprine 100 mg,Azathioprine,Tablet,100 mg,
,,Dexamethasone 4 mg,Dexamethasone,Tablet,4 mg,
,,Fludrocortisone 0.1 mg,Fludrocortisone,Tablet,0.1 mg,
,,Methyl Prednisone 40 mg injection,Methyl Prednisone,Injection,40 mg,
,,Methyl Prednisone 80 mg injection,Methyl Prednisone,Injection,80 mg,
,,Prednisolone 25 mg,Prednisolone,Tablet,25 mg,
,,Prednisolone 10 mg/5 ml,Prednisolone,Syrup,10 mg/5 ml,
,,Cefalexin 250 mg capsule,Cefalexin,Oral capsule,250 mg,
,,Cefalexin 500 mg capsule,Cefalexin,Oral capsule,500 mg,
,,Cefalexin 250 mg tablet,Cefalexin,Tablet,250 mg,
,,Cefalexin 500 mg tablet,Cefalexin,Tablet,500 mg,
,,Cefalexin 125 mg/5 ml suspension,Cefalexin,Suspension,125 mg/5 ml,
,,Cefepime 1 g injection,Cefepime,Injection,1 g,
,,Cefuroxime 500 mg injection,Cefuroxime,Injection,500 mg,
,,Cefuroxime 1 g injection,Cefuroxime,Injection,1 g,
,,Cefuroxime 125 mg/5 ml suspension,Cefuroxime,Suspension,125 mg/5 ml,
,,Amoxicillin / clavulanic acid 125 mg/31 mg suspension,Amoxicillin / clavulanic acid,Suspension,125 mg/31 mg,
,,Amoxicillin / clavulanic acid 250 mg/62.5 mg suspension,Amoxicillin / clavulanic acid,Suspension,250 mg/62.5 mg,
,,Amoxicillin / clavulanic acid 500 mg/125 mg capsule,Amoxicillin / clavulanic acid,Oral capsule,500 mg/125 mg,
,,Amoxicillin / clavulanic acid 250 mg/125 mg capsule,Amoxicillin / clavulanic acid,Oral capsule,250 mg/125 mg,
,,Amoxicillin / clavulanic acid 1.2 g injection,Amoxicillin / clavulanic acid,Injection,1.2 g,
,,Benzathine penicillin 2.4 MU injection,Benzathine penicillin,Injection,2.4 MU,
,,Benzyl penicillin 5 MU injection,Benzyl penicillin,Injection,5 MU,
,,Cloxacillin 250 mg injection,Cloxacillin,Injection,250 mg,
,,Cloxacillin 500 mg injection,Cloxacillin,Injection,500 mg,
,,Flucloxacillin 250 mg capsule,Flucloxacillin,Oral capsule,250 mg,
,,Flucloxacillin 500 mg capsule,Flucloxacillin,Oral capsule,500 mg,
,,Phenoxymethylpenicillin 250 mg tablet,Phenoxymethylpenicillin,Tablet,250 mg,
,,Phenoxymethylpenicillin 25 mg/5 ml suspension,Phenoxymethylpenicillin,Suspension,25 mg/5 ml,
,,Piperacillin/tazobactam 2 g/250 mg injection,Piperacillin/tazobactam,Injection,2 g/250 mg,
,,Piperacillin/tazobactam 4 g/500 mg injection,Piperacillin/tazobactam,Injection,4 g/500 mg,
,,Procaine penicillin 3 MU injection,Procaine penicillin,Injection,3 MU,
,,Vancomycin 250 mg tablet,Vancomycin,Tablet,250 mg,
,,Vancomycin 500 mg injection,Vancomycin,Injection,500 mg,
,,Doxycycline 100 mg tablet,Doxycycline,Tablet,100 mg,
,,Chloramphenicol 1 g injection,Chloramphenicol,Injection,1 g,
,,Co-trimoxazole 200 mg/40 mg per 5 ml,Sulfamethoxazole / trimethoprim,Suspension,200 mg/40 mg per 5 ml,
,,Co-trimoxazole 400 mg/80 mg per 5 ml,Sulfamethoxazole / trimethoprim,Injection,400 mg/80 mg per 5 ml,
,,Azithromycin 500 mg injection,Azithromycin,Injection,500 mg,
,,Clarithromycin 250 mg tablet,Clarithromycin,Tablet,250 mg,
,,Clindamycin 75 mg/5 ml suspension,Clindamycin,Suspension,75 mg/5 ml,
,,Clindamycin 150 mg tablet,Clindamycin,Tablet,150 mg,
,,Clindamycin 300 mg tablet,Clindamycin,Tablet,300 mg,
,,Clindamycin 600 mg injection,Clindamycin,Injection,600 mg,
,,Erythromycin 125 mg/5 ml syrup,Erythromycin,Syrup,125 mg/5 ml,
,,Erythromycin 250 mg tablet,Erythromycin,Tablet,250 mg,
,,Neomycin 500 mg injection,Neomycin,Injection,500 mg,
,,Neomycin 1 g injection,Neomycin,Injection,1 g,
,,Spectinomycin 2 g injection,Spectinomycin,Injection,2 g,
,,Streptomycin 1 g injection,Streptomycin,Injection,1 g,
,,Ciprofloxacin 500 mg tablet,Ciprofloxacin,Tablet,500 mg,
,,Ciprofloxacin 400 mg/5 ml injection,Ciprofloxacin,Injection,400 mg/5 ml,
,,Nalidixic acid 500 mg tablet,Nalidixic acid,Tablet,500 mg,
,,Faropenem 150 mg tablet,Faropenem,Tablet,150 mg,
,,Faropenem 200 mg tablet,Faropenem,Tablet,200 mg,
,,Imipenem 500 mg injection,Imipenem,Injection,500 mg,
,,Meropenem 250 mg injection,Meropenem,Injection,250 mg,
,,Meropenem 500 mg injection,Meropenem,Injection,500 mg,
,,Meropenem 1 g injection,Meropenem,Injection,1 g,
,,Meropenem-vaborbactam 1 g injection,Meropenem-vaborbactam,Injection,1 g,
,,Amphotericin B liposomal 50 mg injection,Amphotericin B liposomal,Injection,50 mg,
,,Fluconazole 50 mg/5 ml suspension,Fluconazole,Suspension,50 mg/5 ml,
,,Fluconazole 2 mg/ml injection,Fluconazole,Injection,2 mg/ml,
,,Flucytosine 500 mg tablet,Flucytosine,Tablet,500 mg,
,,Flucytosine 250 mg tablet,Flucytosine,Tablet,250 mg,
,,Griseofulvin 500 mg tablet,Griseofulvin,Tablet,500 mg,
,,Ketoconazole 200 mg tablet,Ketoconazole,Tablet,200 mg,
,,Amikacin 250 mg injection,Amikacin,Injection,250 mg,
,,Bedaquiline 100 mg tablet,Bedaquiline,Tablet,100 mg,
,,Capreomycin 1 g injection,Capreomycin,Injection,1 g,
,,Delamanid 50 mg tablet,Delamanid,Tablet,50 mg,
,,Ethambutol 100 mg tablet,Ethambutol,Tablet,100 mg,
,,Ethambutol 400 mg tablet,Ethambutol,Tablet,400 mg,
,,Ethionamide 250 mg tablet,Ethionamide,Tablet,250 mg,
,,Isoniazid 100 mg tablet,Isoniazid,Tablet,100 mg,
,,Isoniazid 300 mg tablet,Isoniazid,Tablet,300 mg,
,,Isoniazid / Rifapentine / Ethambutol / Pyrazinamide tablet,Isoniazid / rifapentine / ethambutol / pyrazinamide,Tablet,,
,,Isoniazid 300 mg / Rifapentine 300 mg / Moxifloxacin 400 mg / Pyrazinamide 500 mg tablet,Isoniazid / rifapentine / moxifloxacin / pyrazinamide,Tablet,300 mg/300 mg/400 mg/500 mg,
,,Kanamycin 1 g injection,Kanamycin,Injection,1 g,
,,Levofloxacin 250 mg tablet,Levofloxacin,Tablet,250 mg,
,,Linezolid 600 mg tablet,Linezolid,Tablet,600 mg,
,,Moxifloxacin 400 mg tablet,Moxifloxacin,Tablet,400 mg,
,,Ofloxacin 250 mg tablet,Ofloxacin,Tablet,250 mg,
,,P-aminosalicylic acid 4 g powder,P-aminosalicylic acid,Powder,4 g,
,,Pretomanid 200 mg tablet,Pretomanid,Tablet,200 mg,
,,Prothionamide 250 mg tablet,Prothionamide,Tablet,250 mg,
,,Pyrazinamide 500 mg tablet,Pyrazinamide,Tablet,500 mg,
,,Pyrazinamide 300 mg / Ethambutol 300 mg tablet,Pyrazinamide / ethambutol,Tablet,300 mg/300 mg,
,,Rifampicin 450 mg tablet,Rifampicin,Tablet,450 mg,
,,Rifampicin 150 mg / Isoniazid 75 mg tablet,Rifampicin / isoniazid,Tablet,150 mg/75 mg,
,,Rifampicin 150 mg / Isoniazid 75 mg / Ethambutol 275 mg tablet,Rifampicin / isoniazid / ethambutol,Tablet,150 mg/75 mg/275 mg,
,,Rifampicin 60 mg / Isoniazid 30 mg / Pyrazinamide 150 mg tablet,Rifampicin / isoniazid / pyrazinamide,Tablet,60 mg/30 mg/150 mg,
,,Rifampicin 60 mg / Isoniazid 30 mg tablet,Rifampicin / isoniazid,Tablet,60 mg/30 mg,
,,Rifampicin 150 mg / Isoniazid 5 mg tablet,Rifampicin / isoniazid,Tablet,150 mg/5 mg,
,,Rifampicin 75 mg / Isoniazid 50 mg tablet,Rifampicin / isoniazid,Tablet,75 mg/50 mg,
,,Rifampicin 150 mg / Isoniazid 75 mg / Pyrazinamide 275 mg / Ethambutol 400 mg tablet,Rifampicin / isoniazid / pyrazinamide / ethambutol,Tablet,150 mg/75 mg/275 mg/400 mg,
,,Rifapentine 150 mg tablet,Rifapentine,Tablet,150 mg,
,,Rifapentine 300 mg/300 mg tablet,Rifapentine,Tablet,300 mg/300 mg,
,,Rifapentine 150 mg/150 mg tablet,Rifapentine,Tablet,150 mg/150 mg,
,,Terizidone 250 mg capsule,Terizidone,Oral capsule,250 mg,
,,Brincidofovir 10 mg/ml suspension,Brincidofovir,Suspension,10 mg/ml,
,,Cidofovir 375 mg/5 ml suspension,Cidofovir,Suspension,375 mg/5 ml,
,,Ganciclovir 500 mg/vial injection,Ganciclovir,Injection,500 mg/vial,
,,Molnupiravir 200 mg tablet,Molnupiravir,Tablet,200 mg,
,,Nirmatrelvir 150 mg + Ritonavir 100 mg tablet,Nirmatrelvir / ritonavir,Tablet,150 mg/100 mg,
,,Tecovirimat 200 mg tablet,Tecovirimat,Tablet,200 mg,
,,Valganciclovir 450 mg tablet,Valganciclovir,Tablet,450 mg,
,,Acyclovir 800 mg tablet,Acyclovir,Tablet,800 mg,
,,Acyclovir 200 mg/5 ml suspension,Acyclovir,Suspension,200 mg/5 ml,
,,Acyclovir 250 mg/20 ml injection,Acyclovir,Injection,250 mg/20 ml,
,,Acyclovir 500 mg/20 ml injection,Acyclovir,Injection,500 mg/20 ml,
,,Acyclovir 1000 mg/20 ml injection,Acyclovir,Injection,1000 mg/20 ml,
,,Abacavir 300 mg tablet,Abacavir,Tablet,300 mg,
,,Abacavir 60 mg tablet,Abacavir,Tablet,60 mg,
,,Abacavir 600 mg / Lamivudine 300 mg tablet,Abacavir / lamivudine,Tablet,600 mg/300 mg,
,,Abacavir 60 mg / Lamivudine 30 mg tablet,Abacavir / lamivudine,Tablet,60 mg/30 mg,
,,Abacavir 120 mg / Lamivudine 60 mg tablet,Abacavir / lamivudine,Tablet,120 mg/60 mg,
,,Abacavir 120 mg / Lamivudine 60 mg / Dolutegravir 10 mg tablet,Abacavir / lamivudine / dolutegravir,Tablet,120 mg/60 mg/10 mg,
,,Abacavir 60 mg / Lamivudine 30 mg / Dolutegravir 5 mg tablet,Abacavir / lamivudine / dolutegravir,Tablet,60 mg/30 mg/5 mg,
,,Atazanavir 150 mg tablet,Atazanavir,Tablet,150 mg,
,,Atazanavir 150 mg / Ritonavir 100 mg tablet,Atazanavir / ritonavir,Tablet,150 mg/100 mg,
,,Cabotegravir 30 mg tablet,Cabotegravir,Tablet,30 mg,
,,Cabotegravir 200 mg/ml injection,Cabotegravir,Injection,200 mg/ml,
,,Cabotegravir 400 mg/ml injection,Cabotegravir,Injection,400 mg/ml,
,,Cabotegravir 600 mg/ml injection,Cabotegravir,Injection,600 mg/ml,
,,Dapivirine 25 mg vaginal ring,Dapivirine,Vaginal ring,25 mg,
,,Darunavir 300 mg tablet,Darunavir,Tablet,300 mg,
,,Darunavir 150 mg tablet,Darunavir,Tablet,150 mg,
,,Darunavir 75 mg tablet,Darunavir,Tablet,75 mg,
,,Darunavir 800 mg / Ritonavir 100 mg tablet,Darunavir / ritonavir,Tablet,800 mg/100 mg,
,,Dolutegravir 10 mg tablet,Dolutegravir,Tablet,10 mg,
,,Dolutegravir 50 mg tablet,Dolutegravir,Tablet,50 mg,
,,Efavirenz 400 mg capsule,Efavirenz,Oral capsule,400 mg,
,,Etravirine 300 mg tablet,Etravirine,Tablet,300 mg,
,,Etravirine 100 mg tablet,Etravirine,Tablet,100 mg,
,,Etravirine 25 mg tablet,Etravirine,Tablet,25 mg,
,,Lamivudine 150 mg tablet,Lamivudine,Tablet,150 mg,
,,Lamivudine 50 mg/5 ml solution,Lamivudine,Solution,50 mg/5 ml,
,,Lopinavir 100 mg / Ritonavir 25 mg tablet,Lopinavir / ritonavir,Tablet,100 mg/25 mg,
,,Lopinavir 200 mg / Ritonavir 50 mg tablet,Lopinavir / ritonavir,Tablet,200 mg/50 mg,
,,Lopinavir 80 mg / Ritonavir 20 mg per ml solution,Lopinavir / ritonavir,Solution,80 mg/20 mg per ml,
,,Nevirapine 50 mg/5 ml syrup,Nevirapine,Syrup,50 mg/5 ml,
,,Raltegravir 400 mg tablet,Raltegravir,Tablet,400 mg,
,,Raltegravir 10 mg/ml granules,Raltegravir,Granules,10 mg/ml,
,,Ritonavir 100 mg tablet,Ritonavir,Tablet,100 mg,
,,Tenofovir 300 mg tablet,Tenofovir,Tablet,300 mg,
,,Tenofovir 300 mg / Lamivudine 300 mg / Efavirenz 600 mg tablet,Tenofovir / lamivudine / efavirenz,Tablet,300 mg/300 mg/600 mg,
,,Tenofovir 300 mg / Lamivudine 300 mg tablet,Tenofovir / lamivudine,Tablet,300 mg/300 mg,
,,Tenofovir 300 mg / Lamivudine 300 mg / Dolutegravir 50 mg tablet,Tenofovir / lamivudine / dolutegravir,Tablet,300 mg/300 mg/50 mg,
,,Zidovudine 10 mg/ml suspension,Zidovudine,Suspension,10 mg/ml,
,,Zidovudine 60 mg / Lamivudine 30 mg tablet,Zidovudine / lamivudine,Tablet,60 mg/30 mg,
,,Zidovudine 300 mg / Lamivudine 150 mg tablet,Zidovudine / lamivudine,Tablet,300 mg/150 mg,
,,Anti-D (Rh) immunoglobulin 200 mcg injection,Anti-D (Rh) immunoglobulin,Injection,200 mcg,
,,Antivenom polyvalent injection,Antivenom polyvalent,Injection,,
,,IV immunoglobulin 5% injection,IV immunoglobulin,Injection,5%,
,,IV immunoglobulin 10% injection,IV immunoglobulin,Injection,10%,
,,Rabies immunoglobulin 300 IU/2 ml injection,Rabies immunoglobulin,Injection,300 IU/2 ml,
,,Scorpion antivenom injection,Scorpion antivenom,Injection,,
,,Tetanus antitoxin 150 IU/kg injection,Tetanus antitoxin,Injection,150 IU/kg,
,,Tetanus immunoglobulin human 50000-100000 IU injection,Tetanus immunoglobulin human,Injection,50000-100000 IU,
,,BCG vaccine injection,BCG vaccine,Injection,,
,,COVID-19 vaccine injection,COVID-19 vaccine,Injection,,
,,DT vaccine injection,DT vaccine,Injection,,
,,DTP-HepB-Hib vaccine injection,DTP-HepB-Hib vaccine,Injection,,
,,Hepatitis B vaccine injection,Hepatitis B vaccine,Injection,,
,,Hib vaccine injection,Hib vaccine,Injection,,
,,HPV vaccine injection,HPV vaccine,Injection,,
,,Hepatitis B birth-dose vaccine injection,Hepatitis B birth-dose vaccine,Injection,,
,,IPV vaccine injection,IPV vaccine,Injection,,
,,Measles rubella vaccine injection,Measles rubella vaccine,Injection,,
,,Meningococcal vaccine injection,Meningococcal vaccine,Injection,,
,,OPV vaccine oral drops,OPV vaccine,Oral drops,,
,,PCV 13 vaccine injection,PCV 13 vaccine,Injection,,
,,PPV 23 vaccine injection,PPV 23 vaccine,Injection,,
,,Rotavirus vaccine injection,Rotavirus vaccine,Injection,,
,,Td vaccine injection,Td vaccine,Injection,,
,,Varicella-zoster vaccine injection,Varicella-zoster vaccine,Injection,,
,,Yellow fever vaccine injection,Yellow fever vaccine,Injection,,
,,Alprostadil 500 mcg/ml injection,Alprostadil,Injection,500 mcg/ml,
,,Anastrozole 1 mg tablet,Anastrozole,Tablet,1 mg,
,,Bicalutamide 50 mg tablet,Bicalutamide,Tablet,50 mg,
,,Buserelin 0.5 mg/0.5 ml injection,Buserelin,Injection,0.5 mg/0.5 ml,
,,Gozerellin 3.5 mg injection,Gozerellin,Injection,3.5 mg,
,,Tamoxifen 10 mg tablet,Tamoxifen,Tablet,10 mg,
,,Cyclosporine 100 mg tablet,Cyclosporine,Tablet,100 mg,
,,Lenalidomide 25 mg tablet,Lenalidomide,Tablet,25 mg,
,,Thalidomide 50 mg tablet,Thalidomide,Tablet,50 mg,
,,Bleomycin 15 IU injection,Bleomycin,Injection,15 IU,
,,Bortezomib 3.5 mg/ml injection,Bortezomib,Injection,3.5 mg/ml,
,,Carboplatin 150 mg/ml injection,Carboplatin,Injection,150 mg/ml,
,,Cisplatin 1 mg/ml injection,Cisplatin,Injection,1 mg/ml,
,,Cyclophosphamide 500 mg injection,Cyclophosphamide,Injection,500 mg,
,,Cyclophosphamide 10 mg/ml suspension,Cyclophosphamide,Suspension,10 mg/ml,
,,Dacarbazine 200 mg/ml injection,Dacarbazine,Injection,200 mg/ml,
,,Docetaxel 800 mg injection,Docetaxel,Injection,800 mg,
,,Doxorubicin 50 mg injection,Doxorubicin,Injection,50 mg,
,,Etoposide 100 mg injection,Etoposide,Injection,100 mg,
,,Filgrastine SC 0.48 mg injection,Filgrastine,Injection,0.48 mg,
,,Filgrastine SC 0.3 mg injection,Filgrastine,Injection,0.3 mg,
,,Fluorouracil 500 mg injection,Fluorouracil,Injection,500 mg,
,,Imatinib 400 mg tablet,Imatinib,Tablet,400 mg,
,,Leucovorin 50 mg injection,Leucovorin,Injection,50 mg,
,,Letrozole 2.5 mg tablet,Letrozole,Tablet,2.5 mg,
,,Mercaptopurine 50 mg tablet,Mercaptopurine,Tablet,50 mg,
,,Methotrexate 2.5 mg tablet,Methotrexate,Tablet,2.5 mg,
,,Methotrexate 50 mg injection,Methotrexate,Injection,50 mg,
,,Methotrexate 100 mg injection,Methotrexate,Injection,100 mg,
,,Mitomycin 40 mg injection,Mitomycin,Injection,40 mg,
,,Oxaliplatin 100 mg injection,Oxaliplatin,Injection,100 mg,
,,Paclitaxel 300 mg injection,Paclitaxel,Injection,300 mg,
,,Rituximab 100 mg injection,Rituximab,Injection,100 mg,
,,Rituximab 500 mg injection,Rituximab,Injection,500 mg,
,,Sorafenib 200 mg tablet,Sorafenib,Tablet,200 mg,
,,Temozolomide 100 mg tablet,Temozolomide,Tablet,100 mg,
,,Trastizumab 440 mg injection,Trastizumab,Injection,440 mg,
,,Vinblastine 10 mg injection,Vinblastine,Injection,10 mg,
,,Vincristine 1 mg/ml injection,Vincristine,Injection,1 mg/ml,
,,Zolendronic acid 4 mg injection,Zolendronic acid,Injection,4 mg,
,,Metronidazole 200 mg/ml suspension,Metronidazole,Suspension,200 mg/ml,
,,Metronidazole 400 mg pessary,Metronidazole,Pessary,400 mg,
,,Metronidazole 400 mg suppository,Metronidazole,Suppository,400 mg,
,,Tinidazole 500 mg tablet,Tinidazole,Tablet,500 mg,
,,Artesunate 110 mg injection,Artesunate,Injection,110 mg,
,,Atovaquone 250 mg / Proguanil 100 mg tablet,Atovaquone / proguanil,Tablet,250 mg/100 mg,
,,Chloroquine 200 mg tablet,Chloroquine,Tablet,200 mg,
,,Mefloquine 250 mg tablet,Mefloquine,Tablet,250 mg,
,,Quinine 300 mg injection,Quinine,Injection,300 mg,
,,Quinine sulphate 300 mg tablet,Quinine sulphate,Tablet,300 mg,
,,Albendazole 200 mg tablet,Albendazole,Tablet,200 mg,
,,Mebendazole 500 mg tablet,Mebendazole,Tablet,500 mg,
,,Niclosamide 500 mg tablet,Niclosamide,Tablet,500 mg,
,,Benzyl benzoate 25% lotion,Benzyl benzoate,Lotion,25%,
,,Benzoic acid 6% ointment,Benzoic acid,Ointment,6%,
,,Ketoconazole 2% cream,Ketoconazole,Cream,2%,
,,Miconazole nitrate 2% cream,Miconazole nitrate,Cream,2%,
,,Nystatin 100000 IU/g cream,Nystatin,Cream,100000 IU/g,
,,Selenium sulphide 2% suspension,Selenium sulphide,Suspension,2%,
,,Selenium sulphide 2% cream,Selenium sulphide,Cream,2%,
,,Aqueous cream,Aqueous cream,Cream,,
,,Emulsifying ointment,Emulsifying ointment,Ointment,,
,,Paraffin white soft cream,Paraffin white soft,Cream,,
,,Zinc oxide 15% ointment,Zinc oxide,Ointment,15%,
,,Calamine 15% lotion,Calamine,Lotion,15%,
,,Salicylic acid 3% ointment,Salicylic acid,Ointment,3%,
,,Acyclovir 5% cream,Acyclovir,Cream,5%,
,,Podophyllin 15% paint,Podophyllin,Paint,15%,
,,Silver nitrate 40% pencil,Silver nitrate,Pencil,40%,
,,Tretinoin 0.05% cream,Tretinoin,Cream,0.05%,
,,Hydrocortisone 1% cream,Hydrocortisone,Cream,1%,
,,Acetic acid 2% solution,Acetic acid,Solution,2%,
,,Benzoyl peroxide 5% solution,Benzoyl peroxide,Solution,5%,
,,Cetrimide 3 g + Chlorhexidine 0.3 g/100 ml solution,Cetrimide + chlorhexidine,Solution,3 g + 0.3 g/100 ml,
,,Glutaraldehyde 2.40% solution,Glutaraldehyde,Solution,2.40%,
,,Hydrogen peroxide 6% solution,Hydrogen peroxide,Solution,6%,
,,Methylated spirit 95% liquid,Methylated spirit,Liquid,95%,
,,Nitrofurazone 0.20% ointment,Nitrofurazone,Ointment,0.20%,
,,Povidone-iodine 10% ointment,Povidone-iodine,Ointment,10%,
,,Diclofenac 75 mg injection,Diclofenac,Injection,75 mg,
,,Diclofenac 1% gel,Diclofenac,Gel,1%,
,,Diclofenac 25 mg tablet,Diclofenac,Tablet,25 mg,
,,Indomethacin 25 mg capsule,Indomethacin,Oral capsule,25 mg,
,,Indomethacin 100 mg suppository,Indomethacin,Suppository,100 mg,
,,Mefenamic acid 125 mg/5 ml syrup,Mefenamic acid,Syrup,125 mg/5 ml,
,,Paracetamol 500 mg injection,Paracetamol,Injection,500 mg,
,,Paracetamol 125 mg/5 ml syrup,Paracetamol,Syrup,125 mg/5 ml,
,,Paracetamol 125 mg suppository,Paracetamol,Suppository,125 mg,
,,Paracetamol 500 mg suppository,Paracetamol,Suppository,500 mg,
,,Paracetamol 1 g suppository,Paracetamol,Suppository,1 g,
,,Methylsalicylate 25 g/100 g ointment,Methylsalicylate,Ointment,25 g/100 g,
,,Cisatracurium 2 mg/1 ml injection,Cisatracurium,Injection,2 mg/1 ml,
,,Dantrolene 20 mg/ml injection,Dantrolene,Injection,20 mg/ml,
,,Pancuronium bromide 4 mg/2 ml injection,Pancuronium bromide,Injection,4 mg/2 ml,
,,Rocuronium 10 mg/ml injection,Rocuronium,Injection,10 mg/ml,
,,Suxamethonium 50 mg/ml injection,Suxamethonium,Injection,50 mg/ml,
,,Suxamethonium 100 mg/2 ml injection,Suxamethonium,Injection,100 mg/2 ml,
,,Alfacalcidol 0.25 mcg capsule,Alfacalcidol,Oral capsule,0.25 mcg,
,,Alfacalcidol 0.5 mcg capsule,Alfacalcidol,Oral capsule,0.5 mcg,
,,Citric acid solution 5 ml,Citric acid solution,Solution,5 ml,
,,Clonidide 0.2 mg tablet,Clonidide,Tablet,0.2 mg,
,,Coarse salt 25 kg granules,Coarse salt,Granules,25 kg,
,,Exverolimus 0.5 mg tablet,Exverolimus,Tablet,0.5 mg,
,,Myophenolic acid 360 mg tablet,Myophenolic acid,Tablet,360 mg,
,,Tracrolimus 1 mg tablet,Tracrolimus,Tablet,1 mg,
,,Vanganciclovir 450 mg tablet,Vanganciclovir,Tablet,450 mg,